title,legacyId,legacyParentId
 72 - 130 MASZEWO/RADZANEK,44419,46876
 Koksamrong Breeder Farm 2,44973,46926
 Koksamrong Breeder Farm 3,44974,46926
 Wantana Farm ltd,49444,44456
62-270 Klecko,49961,47016
64 - 200 WOLSZTYN/SWIETNO,44432,46876
64 - 700 CZARNKOW/BRZEZNO,44425,46876
64 - 700 CZARNKOW/HUTKA,44426,46876
64 - 706 KRUSZEWO/BRONISLAWKI,44424,46876
64 - 810 KACZORY,44447,46730
64 - 810 KACZORY,49649,46876
64 - 840 Budzyn,48868,46876
64 - 980 TRZCIANKA/KADLUBEK,44420,46876
64-200 Wolsztyn,45194,47016
64-233 Keblowo,49475,47016
72-130 Maszewo,49251,46876
77 - 430 KRAJENKA/SMIARDOWO&89 - 320 WYSOKA/KOSTRZYNEK,44422,46876
89 - 320 WYSOKA/KOSTRZYNEK,44423,46876
"89  Subcharoen Co.,Ltd (Theppitak Farm 3)",49983,44438
"89 Kasetphun Co.,Ltd (Theppitak Farm)",49982,44438
"89 Permpoon sub Co.,Ltd (Theppitak Farm 4)",49984,44438
A.C.S. Farm,44536,46877
Acarekaikhaw Farm,44478,44456
ADROS Group Sp. Z o.o.,45195,
ADROS Group: Farms,45196,45195
ADROS Group: Hatchery,45197,45195
Anan Farm,49441,44456
Anchana Farm,50102,46925
Ang Krapong Farm,44452,46908
ANG WEIN Farm,44546,46877
ANGMAHA Farm,44547,46877
Annyalla Chicks (Ireland) Ltd,44667,
Anurak Farm,44854,44438
Arnon Farm,49993,44438
"Arunkarn Co.,Ltd",49595,44438
Aueychai 1 Farm,44515,46877
Aueychai 2 Farm,44516,46877
B Foods Product International Company Ltd,44582,
B Foods: Breeder Farms,46926,44582
B Foods: Grower Farms,46925,44582
B Foods: Hatcheries,46927,44582
"B.B.Farm Co.,Ltd",46889,44438
"B.N.Poultry Co.,Ltd.",49978,44438
BAAN BUENG Farm,44548,46877
BAAN PAEW Farm,44549,46877
Baibue Farm,45039,
Banchongcharoen farm,45133,44456
Bangkok,45132,46925
Bangkok Farm,44956,47006
Bangkok Ranch Public Company Limited,45094,
Bangkok Ranch: Breeder Farms,47015,45094
Bangkok Ranch: Grower Farms,47013,45094
Bangkok Ranch: Hatcheries,47014,45094
Bangpra Hatchery,44724,46877
Bangpra Hatchery,49029,46878
Banlangkhao Farm,49401,44456
BANMUANG,44566,46877
Bansuan Farm,44463,44456
BANTHAT,44567,46877
Bo Phloi Hatchery,49950,47007
Boon Tharnthong (2555) Farm,44545,46877
Boon Tharnthong Farm,44519,46877
"Boontaweesub Farm Co.,Ltd.",44903,44438
"Boonwana Farm Co.,Ltd",49977,44438
Bothong Farm,44872,44861
Breeder,45054,
Breeder 1,44866,44438
Breeder 15,49823,44438
Breeder 2,44867,44438
Breeder 3,44868,44438
Breeder 4,44869,44438
Breeder Farm 1,48983,48981
Breeder Farm 1,50199,44438
Breeder Farm 10,44890,44438
Breeder Farm 11,44891,44438
"Breeder Farm 11,12",44877,44438
Breeder Farm 12,44892,44438
Breeder Farm 2,48982,48981
Breeder Farm 5,44885,44438
Breeder Farm 5-8,44879,44438
"Breeder Farm 5-8,11",44874,44438
Breeder Farm 6,44886,44438
"Breeder Farm 6,8",49829,44438
Breeder Farm 7,44887,44438
Breeder Farm 8,44888,44438
Breeder Farm 9,44889,44438
"Breeder Farm 9,10",44880,44438
Breeder Farm 9-12,49828,44438
Breeder-Pullet-Hatchery,44878,44438
BRF (Thailand) Limited ,44456,
Brodziszewo,44697,44695
Buncha Farm,44853,44438
Bunjongcharoen farm 2,49793,44456
Buriram / Arunpon Farm,46937,46877
Buriram / Boonyoung Farm Company Limited,44811,46877
Buriram / Buriram Farm,44441,46877
Buriram / Chuwit Farm,49456,46877
Buriram / Jakkarin Farm,49455,46877
Buriram / Jurarat Farm,44445,46877
Buriram / Kitcharoen Poultry 1999 (3) Farm,44815,46877
Buriram / Kitcharoen Poultry 1999 (4) Farm,46935,46877
Buriram / Ruccha (2) Farm,44817,46877
Buriram / Santiwong Farm,49454,46877
Buriram / Sinrungrueng Farm,44818,46877
Buriram / Supamitindustryfarm,49458,46877
Buriram / Tipwin(2) Farm,44442,46877
Buriram / Wiwat Farm,44443,46877
Buriram/Boon Young Farm,44768,46877
Buriram/Kitcharoen Poultry (3) Farm,44765,46877
Burirum / chuvit,49957,46877
Burirum / Kitcharoen Poultry 1999 (1) Farm,49450,46877
Burirum / Kitcharoen Poultry 1999 (2) Farm,49449,46877
Burirum / Supolchai Farm,49930,46877
Buyai,44703,46878
"Cargill Meats (Thailand) Co.,Ltd",44438,
Cargill Meats Contract,44602,44438
Cargill Meats Farm 1,44670,44438
Cargill Meats Farm 10,44681,44438
Cargill Meats Farm 11,44682,44438
Cargill Meats Farm 12,44683,44438
Cargill Meats Farm 2,44671,44438
Cargill Meats Farm 3,44673,44438
Cargill Meats Farm 4,44674,44438
Cargill Meats Farm 6,44676,44438
Cargill Meats Farm 7,44677,44438
Cargill Meats Farm 8,44678,44438
Cargill Meats Farm 9,44679,44438
Cargill Siam Farm 13,44684,44438
Cargill Siam Farm 14,44686,44438
Cargill Siam Farm 15,44687,44438
Cargill Siam Farm 16,44688,44438
Cargill Siam Farm 17,44689,44438
Cargill Siam Farm 18,50111,44438
Catching Team,44847,44456
Centaco Group Ltd,48949,
Centaco Group: Breeders,48950,48949
Centaco Group: Broilers,48952,48949
Centaco Group: Hatcheries,48951,48949
CF Breeder farm,44928,46939
"CF Farm Co.,Ltd.",44748,
CF Farm: Breeders,46939,44748
CF Farm: Broilers,44785,44748
CF Farm: Hatcheries,46940,44748
Ch.Subcharoen Farm Limited Partnership,45008,
Chacheongsao/CPF(TH),44550,46877
Chacherngsow/Asia farm and food Ltd,45003,
Chachoengsao/Nongwanleang1 Farm,49563,46877
Chachoengsao/Sanamchaikhet Farm,49565,46877
Chaibadan Breeder Farm 1,49926,46926
Chaibadan Hatchery,49928,46927
Chaichan Farm,44584,46925
Chaikul Farm,47010,46925
Chaimongkolkarnkaset Farm,45122,44456
Chaimongkolkarnkaset Farm 2,45009,
Chaimontri  Farm,44944,44456
"Chainaraipokphand Co.,LTD.",44945,44456
Chaiyaphom province/Laosuiseng farm,49389,47013
Chaiyaphom province/Meexia farm,49388,47013
Chaiyaphum/ P.somkid Farm,44446,46877
Chak Ka Rin Farm,44544,46877
Chak na Farm  ,44942,44785
Chanchai Farm,44484,44456
CHAOM,44568,46877
Chatkrit Farm,45136,47006
"Chaveevan Farm Co.,Ltd.",44931,46939
Chayanee Farm2,45029,
Chayutpong Farm,44949,47006
Cher-aem Farm,44480,44456
Ching Thong Breeder,45176,46983
Chokchai,49676,46878
CHOKCHAI ,44726,46879
Chokdee Farm,44897,44438
Chon Buri Province/C1-Farm,45100,47015
Chonburi/Angwein Farm,49564,46877
Chonburi/Baanbueng Farm,48792,46877
Chonburi/CPF(TH),44551,46877
Choomporn,44752,44456
CPF (Thailand) Public Company Limited ,44437,
CPF Breeder Farms,46878,44437
CPF Broiler Farms,46877,44437
CPF Hatchery Farms,46879,44437
DanHatch Denmark,48977,
DanHatch Denmark Breeders,48981,48977
DanHatch Denmark Growing,49437,48977
DanHatch Denmark Hatcheries,48978,48977
DanHatch Denmark Rearing,48984,48977
DanHatch Poland S.A,45188,
DanHatch: Breeders,47018,45188
DanHatch: Hatchery,47016,45188
DanHatch: Rearing,47017,45188
Dee Farm,45186,44456
delert farm 1,44797,46983
Don Ta Phet Farm,49945,48860
Doncharoen Farm,44904,44438
Donkage Farm,50121,46983
Drobiu Sypniewo,49076,46875
Energy Farm,44470,44456
Enfield Broiler Breeders,50094,
"F & F Foods Co.,Ltd",45160,
F&F Food Slaughter House,48794,45160
Farm 128,49281,48952
Farm 152,49275,48950
Farm 155,49276,48950
Farm 156,49277,48950
Farm 70,48955,48952
Farm Chamab A,49278,48952
Farm Chamab B,49279,48952
Farm Chamab C,49280,48952
Farm Sungnoen Co. Ltd,44745,
Ferma Drobiu Debionek,49079,46875
Ferma Drobiu Jakub Jerzy Kowalewski,49671,45180
Ferma Drobiu Kamionka,49078,46875
Ferma Drobiu Nowiny,49075,46875
Ferma Drobiu Pniewski Michal,49670,45180
FERMA DROBIU W SMILOWIE,49252,46875
Ferma Drobiu Wrzaca,49077,46875
Ferma Klwow Sp.zo.o,49758,44759
Ferma Mlodynie Sp.zo.o,49757,44759
Ferma Reprodukcyjna Smilowo,44783,46875
Ferma Reprodukcyjna Wrzaca,44784,46875
Food For the World,45174,46982
Gabinet Weterynaryjny Malec i Janowscy Sp. j .,48756,48755
Galion Grupa Producentow Drobiu sp.zo.o,44759,
Gawsuwanpattana Co Ltd,49769,44456
GDF Farm,44541,46877
GFPT Public Company Limited,44656,
GLB breeder,49367,46983
GLB broiler project,49366,46982
Golden line business hatchery,44800,46984
Goldenline Business Broiler Farm,45173,46982
Goldenline Business Farm,45177,46983
Gongtoon,44706,46878
Grelavi S.A,45074,
Grienggrairungrueang Farm,49440,44456
Hanife Farm,45148,47006
Hatchery,45053,44456
Hatchery 152,49282,48951
Hatchery Nakhonratchasima,44876,44438
Hatchery Saraburi,44871,44438
Hatching Eggs Farms Sp. z o.o.,49556,47018
Head office,49646,46909
Head office,49647,46908
Heangsinchai Farm,45138,47006
"Hennika Farm Co.,Ltd.",44978,46925
Hinson Farm,44725,
Hinson Farm,44746,44745
Huaithalaeng Farm,49990,44438
Huawan Farm,49284,46982
Huawan Farm,50131,46983
Huay Hin Farm,44845,46925
Huaymara Farm,48859,47006
HUI CHUMPORN Farm,44552,46877
Hutka 64 -700 CZARNKOW,48731,46876
Infinity farm,45135,44456
Integra Breeders,46964,44772
Integra Growers,46965,44772
Integra Sp z o.o.,44772,
"Jablonna, 64-308 Rakoniwice",45192,47018
Jadet Farm,44899,44438
JAMPARHOM,44569,46877
Jaray Farm,44527,46877
Jaroon Farm,44461,44456
Jedlanka,44762,44759
Jeeruwan Farm,44455,46908
Jirada Farm,49910,47006
Jitra Farm,45058,
JRT Farm,45126,46878
K.Charoen Farm,44479,44456
K.Kai Farm,44481,44456
"K.T.W Broiler Co, Ltd",44905,44438
Kabinburi Hatchery,44721,46877
Kabinburi Hatchery,49561,46878
Kaengkoi,44636,46879
Kaengkoi,44828,46878
Kai Thong Farm,50000,44438
Kajon Farm,45060,
Kajorn Farm,44476,44456
Kamponsak Farm,45059,
KANCHANABURI 1 Farm,44553,46877
KANCHANABURI 2 Farm,46932,46877
Kaomodngum,49431,46939
Kasemsub 1,44727,46878
Kasemsub 2,44728,46878
"Kasetchon Co, Ltd",44861,
Kasi Farm,44570,46877
"Kasin Farm Ltd.,Co",49354,47006
Keangkoi Co Ltd: Broiler Breeder Farm,45199,45198
Khamika Farm,50024,47006
Khao Kheow Farm,49942,48860
Khao Khun Farm,44451,46908
Khao lam Farm,49943,48860
Khao Mai Kaew 1 Farm,44717,46877
Khao Mai Kaew 1 Farm,49027,46878
Khao Mai Kaew 2 Farm,44642,46878
Khao Mai Kaew 2 Farm,45018,46877
Khao Mai Kaew 3 Farm,44643,46878
Khao Mai Kaew 3 Farm,45019,46877
Khao Pai Farm,44824,46909
Khao Yoong Thong farm,44454,46908
Khaolaem Farm,44474,44456
Khaotein Farm,44651,46925
Khoakew 1 Farm,44509,46877
Khoakew 2 Farm,44510,46877
Khoakew 3 Farm,44511,46877
"Khon Buri K S Farm Co.,Ltd",49998,44438
Khwanjai Farm,44663,44456
Kiartthisuk,45077,
Kitanan Farm,49866,44456
Kitcharoen Farm co ltd,49905,47006
Kitcharoen Poultry (3) Farm,46933,46877
Kitcharoen Poultry 1999 (1) Farm,44529,46877
Kitcharoen Poultry 1999 (2) Farm,44523,46877
Kitsana Farm,45149,47006
Klong Luang 1  Farm,44915,44914
Klong Luang 2 Farm,44916,44914
Klongmerdsai Hatchery,44826,46907
KLONGRUNG 1 Farm,44554,46877
KLONGRUNG 2 Farm,44555,46877
Klonowa 1,44935,46875
KM3 FARM,44739,44738
KM7-9 FARM,44742,44738
Kodcharat Farm 3,45062,
KOK THAI Farm,44556,46877
Koksamrong Breeder Farm 1,44972,46926
KoKudom Farm,44644,46878
KoKudom Farm,45020,46877
Komsan Farm,44901,44438
Koodjik,44701,46878
KOR KANOON Farm,44557,46877
KOR PHO Farm,44558,46877
"Kostrzynek/Smiardowo, 89-320 WYSOKA",48730,46876
KROKSOMBOON Farm,44559,46877
Krokwa 1,44729,46878
Krokwa 2,44730,46878
Krokwa 3,49674,46878
Krokwa 4,49675,46878
"Krungthai Farm Co.,Ltd",44744,44656
Krungthai Food (Plc),44849,44656
Krungthai Hatchery,44850,44656
Kruthahan Farm,50023,47006
Kuaihong Farm,45042,
Kulsuwan Farm,49991,44438
KUMYAI,44571,46877
Ladbuakhao,44731,46879
Ladbuakhao 1,44700,46878
Ladbuakhao 2,44733,46878
Ladbuakhow 1 Farm,49559,46878
LadTakean 1 Farm,44712,46877
LadTakean 2 Farm,45015,46877
LadTakean 3 Farm,44639,46878
LadTakean 3 Farm,45016,46877
Laemthong Poultry Co.Ltd.,44738,
Lamnangkaew Farm,49288,46982
Lamnangkaew Farm,50122,46983
Lamsonthi,44709,46878
Lao Khwan Hatchery,49954,47007
Layer Farm (Renting Farm),49953,48860
Leavers,44741,
Leavers,44749,
Life Production,45189,45188
Limited Partnership Chor Subcharoen Farm ,49603,44438
Logistics,44848,44456
Lopburi,45131,46925
Lopburi Farm,44996,
Lopburi province/Thapmongkol Farm,45115,47013
LR Farm,45127,46878
Lubiesza 10 08-322 Ceranow,49152,46965
LUM MAHACHAI Farm,44560,46877
M.L. Golden (2) Farm,44540,46877
M.L. Golden (3) Farm,44816,46877
M.L. Golden Farm,44531,46877
Maiphatthana 1 Farm,44507,46877
Mana Farm,44948,47006
Mieczownica,44698,44695
Minburi/Bangna Centre,44965,46877
"MKS Farm Co.,Ltd.",44657,44656
"ML Golden Farm Co.,Ltd",49604,44438
Monnang Farm,44716,46877
MUAKLEK,44572,46877
MUAKLEK,44834,46879
MUAKLEK,50133,46878
Muengrat Farm,49400,44456
Nakhonluang (NKL),48953,48950
Nakhonluang Hatchery (NKH),49914,48951
Nakhonratchasima,44964,46877
"Nakhonratchasima / 36,38 Farm ",49459,46877
Nakhonratchasima / Banphot Farm ,49453,46877
Nakhonratchasima / Decha Pakthongchai Farm Company Limited,44812,46877
Nakhonratchasima / Jirawat Farm,44444,46877
Nakhonratchasima / Kanongdech Farm,49448,46877
Nakhonratchasima / Kanongdet Farm,44814,46877
Nakhonratchasima / Maiphattana-2 Farm,44439,46877
Nakhonratchasima / Mukda Farm,49445,46877
Nakhonratchasima / P.Luentaweekit Farm,44810,46877
Nakhonratchasima / Ratchasima Kasetpan 2 Farm,44813,46877
Nakhonratchasima / Sommung Farm,49446,46877
Nakhonratchasima / Sun Flower Plus Farm,49447,46877
Nakhonratchasima /Production Manager,48788,46877
Nakhonratchasima /Thungruangthong-2 Farm,49416,46877
Nakhonratchasima/Boon Tharnthong (2012) Farm,44767,46877
Nakhonratchasima/CPF(TH),44518,46877
Nakhonratchasima/De Cha Pakthongchai Fam,44769,46877
Nakhonratchasima/GDF Farm,44764,46877
Nakhornpathom Broiler Farm,49414,46925
Nakornayok Province Farm,44992,
Nakornratchasima province/Wandee farm,45007,
Nakornratchasrima Province Farm,44993,
Narongsak Farm,49916,47006
Narumol Farm,44758,44456
Nean Mok Hatchery,45157,47007
Nern Mok Farm,44825,46908
Nertheast Farm,45110,47015
Neungjamnong Feed (2005) Co.Ltd,45170,
Ngernpresert farm,45134,44456
Nipawan Farm,49596,44438
Nittaya Farm,44522,46877
Nittaya Farm,49903,47006
Nong Grad Farm,44534,46877
NONG KHAM Farm,44561,46877
Nong Khern 1 Farm,44918,44914
Nong Khern 2 Farm,44919,44914
Nong Khet farm,44917,44914
Nong Khet Hatchery,44923,44914
Nong Krat Farm,49602,44438
Nong Num Kao 1 Farm,44920,44914
Nong Num Kao 2 Farm,44921,44914
Nong Pradu Farm,49939,48860
Nong Pradu Hatchery,49951,47007
Nong Ta Kerd Farm,49941,48860
NONG WAN LEANG 1 Farm,44562,46877
NONG WAN LEANG 2 Farm,44563,46877
Nongboonmak Farm,49287,46982
Nongboonmak Farm,50130,46983
Nongbua Farm,44465,44456
Nongjok Farm,49291,46982
Nongloeng Farm,45123,44456
Nongmakfai Farm,50002,48860
Nongmuang Farm,48857,47006
Nongnumdang Breeder Farm,44971,46926
Nongpho Farm,49285,46982
Nongpho Farm,50123,46983
Nongsarai Farm,44831,46878
Nongtanuod Farm,44462,44456
Nongyai Broiler Farm,44788,44785
Nongyang Farm,48858,47006
"Nonpakwan Farm Co.,Ltd",49979,44438
Nonpradu Farm,44621,
Nonsi,44846,44456
Noonpradoo Farm ltd.,49357,44456
Nowiny,44937,46875
Nuntajit  Farm,49080,44456
Nuttawut (2534) Farm Ltd.Part,49868,44456
O.Thongcharoenkij Farm,45011,
Ogrodowa,44936,46875
Ong- Ard Farm,48847,47006
Ongkarak,44751,44456
Ostrowki,48753,46965
P.Charoen Phan Feedmill,44661,44656
P.J Farm,44959,47006
P.P.H.U. Konspol-Bis Sp. z o.o.,49842,44695
"P.P.J Farm Co.,Ltd.",44906,44438
"P.P.M.Farm Co., Ltd.",44593,
P.P.U.H. Pasz-Konspol Sp. z o.o.,44695,
P.T Farm,44472,44456
P.T Farm 2 Co.Ltd,44806,44438
Pairat Farm,45055,
Paitoon 2 Farm,44664,44456
Paitoon 3 Farm,49958,44456
Pak Thong Chai 1 Farm,46934,46877
Pak Thong Chai 3 Farm,46938,46877
Pakchong,44836,46879
Pakchong Breeder Farm 2,44968,46926
Pakchong Breeder Farm 3,44969,46926
Pakchong Breeder Farm 4,44970,46926
Pakchong Hatchery,44980,44738
Pakchong Hatchery ,44708,46927
Pakthongchai,44838,46879
Pakthongchai 1 Farm,44777,46878
Pakthongchai 2,44734,46878
Pakthongchai 3 Farm,44778,46878
PAMAIDANG,44573,46877
Pannapong 56 Farm 9,49987,44438
Panomsarakham,45182,46879
Pantong Farm,49292,46982
Panus Farm,48802,47006
"Panus Hatchery Co., LTD",44926,
Panus Poultry Broiler Farm 1,44934,46908
"Panus Poultry Co.,Ltd",44450,
Panus Poultry: Breeder Farms,46909,44450
Panus Poultry: Grower Farms,46908,44450
Panus Poultry: Hatcheries,46907,44450
"Panuspokphand Co, Ltd ",44914,
Panuspokphand Farm office,44922,44914
PAPHAI,44574,46877
Pattamaratjiranon Farm,44910,44438
Pattananikom Breeder Farm 1 ,44975,46926
Pattananikom Breeder Farm 2,44976,46926
Pattananikom Breeder Farm 3,44977,46926
Pattananikom Hatchery,45093,46927
Paungdee Farm,44647,46925
PDPJ: Breeders,45073,
PDPJ: Hatchery,45072,
Penlerd Farm,44898,44438
Pennueng Farm Ltd,44894,44438
Petchabun Province/Hatchery,45101,47014
Petchabun Province/NR-Farm,45096,47015
Petchabun Province/PK-Farm,45098,47015
Petchabun Province/SB-Farm,45095,47015
Petchabun Province/ST1-Farm,45102,47015
Petchabun Province/TR-Farm,45103,47015
Petchabun Province/YS-Farm,45097,47015
Phanomsarakam Hatchery,44722,46877
Phanomsarakam Hatchery,49030,46878
Phattaranan Farm,44471,44456
Phen Sri Farm,49906,47006
Phen Udon Thani,45080,
Piwporn Farm,45151,47006
Piyabhorn Farm LTD. Partnership,44575,46877
Plangyao Breeder Farm,44927,46939
Plangyao Hatchery,44787,46940
Po Luean Charoen Farm,44539,46877
Pong Mai Farm,49940,48860
PONGAM,44576,46877
Pongsagorn Farm,44530,46877
"Poonsiri Farm Co.,Ltd.",44902,44438
Porn Pan Farm,48803,47006
Pornchai Farm,44577,46877
Potter Farm,45012,46878
Potter Farm,45125,46877
PP Breeder Keangkoi Co.Ltd,45198,
PPM Farm 1,49932,44438
PPM Farm 2,49933,44438
Prachinburi /CPF Meat Duck Farm,44843,46877
Prachinburi /Hauwa Farm,44841,46877
Prachinburi /Kokpanomdee Farm,44839,46877
Prachinburi /Wahane Farm,44840,46877
Prachinburi /Wangdal Farm,44842,46877
Prachinburi/Kokthai Farm,48793,46877
Prachinburi/Srimahosod Farm,48791,46877
Pramearn Farm,45031,
Pranee Farm,44482,44456
Prapai farm,44499,44456
Prapas Farm,48848,47006
Praphart Farm,45032,
Prasert Farm,44486,44456
Prateep Tungputthinon (Farm Sripet),44821,44438
Produkcja Drobiarska Pankowski Jan,45071,
Progress Farm,50127,46983
PROGRESSM INTER FARM 5,45021,
PROGRESSM INTER FARM 6,45022,
Promrat 6,44735,46878
Promrat 7,44736,46878
Promyam,44707,46878
Prong Kate Farm,44823,46909
"Prusinowice 67B, 06-150 Swiercze",48747,46964
Puechmongkol Farm,44468,44456
Pullet Farm,44870,44438
Pullet farm 1,49824,44438
Pullet farm 2,49825,44438
Pullet Farm 6,44881,44438
Pullet Farm 7,44882,44438
Pullet Farm 8,44883,44438
Pullet Farm 9,44884,44438
Pung Farm,45044,
Racha Farm,44911,44438
Rachata Farm,49908,47006
Ragkrai Farm,45033,
Raka Farm,44496,44456
Rakpong Farm,44473,44456
Ramida Farm,44502,44456
Rangsit hatchery (RST),48954,48951
Ratchaburi Farm,44994,
Ratchaburi province/Jaruwan-Farm,45117,47013
Ratchaburi province/S.Pornsiri Farm,49387,47013
Ratchaburi province/Sudrit Farm,45006,
Ratchasima Kasetpan Farm,44535,46877
Rattanachaikul,44961,44456
Rattanajongjittakorn,49301,44456
Rawica Stara,49756,44759
Rayong Province/KC-Farm,45099,47015
Rayoung province/Pornjit Farm,45112,47013
Rayoung province/Suphanee Farm,44998,
Reprodukcyjna Ferma Kur Miesnych,48758,48755
Rimpoo Farm,44464,44456
Rom Sai Tong Farm,44822,46909
Ruam Jai,44781,44456
Ruccha Farm,44524,46877
Rugeri Ragebol - 102,48980,48978
"Rugeri, Vra - 101",48979,48978
Rungdamri Farm,44489,44456
Rzeczniow,44761,44759
S.Supawan Farm 2,44650,46925
S.V. Farm,44495,44456
Sa Long Ruea Farm,49947,48860
Saha Farm Breeder,45175,46983
Saha Farm Hatchery,45172,46984
Saha Farms,44795,
Saha Farms: Breeder Farms,46983,44795
Saha Farms: Broilers,46982,44795
Saha Farms: Hatchery,46984,44795
Sahafarm Pattana broiler project,49392,46982
Sai Yok Farm,49946,48860
Saingam,44704,46878
Saingam,44753,44456
Saisuwankankaset Co.Ltd,45046,
Saithong Farm,44830,46878
Saiyut Farm,45153,47006
Sakaeo province/ K1 farm,49391,47013
"Sakaow province/B.N Farm Co,Ltd",45005,
Sakeaw Farm,44995,
Sakrajom Farm,49948,48860
Sakuan Farm,48863,48860
Salug Farm,44756,44456
Samran Farm,45057,
Sanan Farm 2,45061,
Sangthong,44705,46878
SANHAMCHAIKHET Farm,44564,46877
Santisuk Farm,49995,44438
Sap Nimit Farm,49904,47006
Saprungreung Farm,44494,44456
Saraburi Centre,44966,46877
Saraburi province/Nadbaramee Farm,45113,47013
Saraburi province/Tossaphon Farm,45001,
Si Charoen Chai Farm,44542,46877
SIKHIEW FARM,50026,46878
Si-khiew Farm,44837,46878
Simahapho,49363,46983
Sin Rungrueang Farm,44543,46877
"Sinpornpong Farm co.,Ltd",44449,44438
Sinrattanachote farm,44666,44456
Siri aemsang (2) Farm,44538,46877
Siri aemsang (3) Farm,49451,46877
Siri aemsang Farm,44533,46877
"SMILOWO, 64-810 KACZORY",48729,46875
"Solec Nowy 26A, 64-234 Przemet",45193,47017
"Somwang Garn Kaset Co, Ltd",44586,46925
Songsang Farm,49994,44438
"Soonphattanakankasetpasompasan Co.,Ltd",49985,44438
Srapratheep Farm,44512,46877
SRI MAHOSOD Farm,44565,46877
Srimongkol Farm,44469,44456
Srisuphan Inter Limoted Parnership Farm,45056,
Sritap/Supbuatong,48958,46982
"Stary Widzim 254, 64-200 Wolsztyn",45087,
STD. Charoen Farm,44779,46877
STD.Charoen Farm,45128,46878
Stradyn / Jablonna,45083,
Stradyn 10A  64-200 Wolsztyn,45191,47018
Su Pamit Farm,44532,46877
Suanhom 1 Farm,44513,46877
Suanhom 2 Farm,44514,46877
Subcharoen Hatchery,50120,46984
Subphasuk Broiler Project,49394,46982
Subsomboon 2 Hatchery,49289,46984
Subsomboon 3 hatchery,44799,46984
Subsomboon Breeder Farm,49290,46983
Sungneon Hatchery,49032,46878
Sungnoen,44710,46879
Sungnoen Farm,44747,44738
"Sunpattana co.,Ltd",45076,
Sunshine Farm,44913,44438
Sunthonvivat Farm,45035,
Supaporn Farm,44953,47006
SUPCHAROEN,44801,46982
"Supornpat Co.,Ltd. ( Branch.1)",49981,44438
Surangjit Farm,49907,47006
Surapong Farm,50003,44456
Surasak Breeder Farm,44929,46939
Surasak Hatchery,44930,46940
Surin / Im Farm,49457,46877
Surin / P.T. Farm,46936,46877
Surin/Tharnthong Farm,44766,46877
T.C Farm,44653,46925
"T.M. Farm Co.,Ltd.",49989,44438
T.R Farm,48846,47006
TABKWANG,44578,46877
TAKLAW,44579,46877
"Tanachai Farm Co.,Ltd",49999,44438
Tanakorn Farm,44525,46877
"Tanawee Farm Co.,Ltd",49996,44438
Tanawee Farm Company Limited,47004,46908
Tang guang ha Farm,44620,
Tankanok Farm,44912,44438
TAOPOON,44580,46877
Tapanhin Farm,44832,46878
Tarawat Farm Co. Ltd,44789,44438
TASALA,44581,46877
Techit Farm,49909,47006
Teradech Farm,44466,44456
Test Organisation,45142,
Thai Foods Breeder Farm ,48860,44947
Thai Foods Contract Farming,47006,44947
Thai Foods Hatchery,47007,44947
Thai Foods Poultry Farm Co. Ltd,44947,
"Thai Foods Research Center Co, Ltd",49955,47007
"Thai Poultry Group Co.,Ltd.",44932,46939
"Thaicharoenphatthanakasetpasompasan Co.,Ltd.",49986,44438
Thainarong Farm,46899,44438
Thaiprakong Farm,44467,44456
"Thammanoon Farm Co.,Ltd",49594,44438
Thanasathuchon Farm,45036,
Thanasin Farm Co.Ltd (Farm 2),44805,44438
Thanawan Farm,44458,44456
Thanawat Farm,49959,44456
Thanawat Farm2,45037,
Thapphitak Farm,46886,44438
Tharnthong Farm,46931,46877
Thathong Farm,44862,44861
Thawat Farm,44908,44438
"Thep Amporn Farm Co.,Ltd",50001,44438
Thippaya Farm,45155,47006
Thippaya Farm2,45064,
Thong In Dee 5,49597,44438
Thongcomplex,44755,44456
Thung Kra Bam Hatchery,49952,47007
Thungarun Farm,44508,46877
Tip Win 1,49601,44438
Tipwana Farm Co.Ltd,49980,44438
Tipwin (1) Farm,44528,46877
Tonfai Baifern Farm,45156,47006
Top Agricultural Business Co Ltd,49969,
Top Agricultural Business: Breeders,49970,49969
Top Agricultural Business: Hatchery,49971,49969
Trzciniec / Zebrak 08-114 Skorzec,49155,46965
Tumbon Khow Wong Farm,44991,
Tung Krabum Hatcheries,45050,
Tungnangam Farm,44457,44456
Tungphonchai Farm co.Ltd,45078,
"Tungpornchai Farm Co.,Ltd",49992,44438
Tungruangthong 1 Farm,44504,46877
Tungruangthong 2 Farm,44505,46877
Tungruangthong 3 Farm,44506,46877
Tungsabok Farm,49681,44456
"Tunyamon Farm Co.,Ltd ",49988,44438
Ubontip farm,44477,44456
Udomsap Farm,44517,46877
Udomsup Farm,49028,46878
"University of Applied Sciences, Osnabrueck, Versuchsbetrieb Waldhof",49395,
Uon Tawan,44782,44456
Uslugi Zootechniczne Tomasz Dobko,49555,47018
Uslugi Zwiazane z Chowem i Hodowla Zwierzat,48757,48755
Uthai Farm,49160,44456
V.O.F. Schotman & Zn,49578,
V.O.F: Hatchery,49579,49578
Veesrisuwan Farm,44951,47006
Versuchsbetrieb Waldhof,49396,49395
Vestergaard A/S,49438,49437
V-One Poultry Co. Ltd.,44852,44438
Wang Dong Farm,49944,48860
Wanghin,44754,44456
Wangmuang,44835,46879
Wangmuang Farm,44833,46878
Wangpai Farm,44498,44456
Wangree Farm,48862,48860
Wangrongyai,44737,46878
Wangsomboon Farm,49033,46878
Wanich Farm Ltd,44655,46925
"Wannakiat  Co.,Ltd",49997,44438
Western Brand Ltd,50005,
Yanisa Farm,45146,47006
Yongcharoen Farm 2,44649,46925
Zaklad Wylegu I Hodowla Drobiu Pawel Krzeczkowski,49492,
ZAKLADY - CATCHING,49429,44418
ZAKLADY - GROWER FARM,46876,44418
ZAKLADY - HATCHERY,46730,44418
ZAKLADY - LAYER FARMS,46875,44418
Zakrzewo,44699,44695
ZWD BIALOBRZEGI Sp. z o.o.,45178,
ZWD Bialobrzegi: Breeders,45180,45178
ZWD Bialobrzegi: Hatchery,45179,45178
Zwdmalec.pl,48755,
Jankam Farm,50039,44438
Thai Foods Contractors,50073,47006
Cargill Meats Farm 18,50112,44438
Progress Inter Farm broiler project,49293,46982
Supbuatong broiler project,50125,46982
Swang Farm,50053,44438
Progress Inter Farm Hatchery project,50126,46984
J.S Pattanakarnkaset The Hen Ltd Farm Co.Ltd,50033,44438
Prasit Farm Co.Ltd,50046,44438
Wihandaeng Broiler Farm 3,50100,46925
PPJ Branch 1 Farm,50040,44438
Mungmye Farm Co.Ltd,50034,44438
Western Brand: Growers,50068,50005
QCF Co Ltd,50107,
"ZAKLADY DROBIARSKIE ""KOZIEGLOWY"" SP Z O. O.",44418,
Prasit Branch 1 Farm,50047,44438
V.O.F: Breeder,50134,49578
"KP Broiler Farm Co, Ltd",50041,44438
Emilianow,50055,46965
May-Oak Farm,50035,44438
Cargill Siam Farm 5,50108,44438
Song-P-Nong Farm,50048,44438
Lew Thong Farm Co.Ltd,50042,44438
Tankun Farm,50056,44456
Chaibadan Breeder Farm 3,50096,46926
Vichayarat Farm,50036,44438
Tandum Farm,50070,48860
Cargill Meats Company Broiler Farm,50109,44438
Better Foods Company Ltd,44583,46925
Sutthi Farm,50049,44438
Srisuwankankaset Farm,50103,47006
Suphan Inter Farm Co.Ltd,50043,44438
Chaibadan Breeder Farm 4,50097,46926
Tar-Tle Farm,50037,44438
Pramoen Farm,50071,47006
Cargill Meats Farm 17,50110,44438
Western Brand: Breeders,50065,50005
Phethai Farm,50104,47006
Hathaiyut Farm,50044,44438
Wihandaeng Broiler Farm 1,50098,46925
Jankam - 2 Farm,50038,44438
Munkong Farm,50072,47006
Supcharoen broiler project,50124,46982
J.S.2 Farm,50032,44438
Western Brand: Rearers,50066,50005
Preecha Farm,50045,44438
Subcharoen Farm,50118,44456
Wihandaeng Broiler Farm 2,50099,46925
St Davids Poultry Team,50153,
"?ytkowice 1, 26-930 Garbatka Letnisko",46975,
64 – 980 TRZCIANKA,49249,46876
Cobb Ireland,50154,50153
"Prusinowice 67B, 06-150 ?wiercze",46980,
78 – 627 Rozewo,49250,46876
Cobb Ireland: Breeders,50155,50154
Pakchong Breeder Farm 1 ,44967,46926
77 – 400 ZLOTOW,44893,46876
"Garbatka Dziewi?tka 4, 26-930 Garbatka Letnisko",46969,
78 - 627 RÓ?EWO/RÓ?EWO,47396,46876
Gro?sko,46929,44695
"Wiosenna 127,  05-587 S?omczyn",46970,
78 - 627 RÓ?EWO/RÓ?EWO,44421,
Gier?atowo,47397,44695