legacyId,companyId
94313,44536
94313,44546
94313,44547
94313,44515
94313,44516
94313,44548
94313,44549
94313,44724
94313,44566
94313,44567
94313,44545
94313,44519
94313,46937
94313,44811
94313,44441
94313,49456
94313,49455
94313,44445
94313,44815
94313,46935
94313,44817
94313,49454
94313,44818
94313,49458
94313,44442
94313,44443
94313,44768
94313,44765
94313,49957
94313,49450
94313,49449
94313,49930
94313,44703
94313,44550
94313,49563
94313,49565
94313,44446
94313,44544
94313,44568
94313,44726
94313,49564
94313,48792
94313,44551
94313,44437
94313,46878
94313,46877
94313,46879
94313,44541
94313,44706
94313,44552
94313,44569
94313,44527
94313,45126
94313,44721
94313,44828
94313,44553
94313,46932
94313,44727
94313,44728
94313,44570
94313,44717
94313,45018
94313,45019
94313,44509
94313,44510
94313,44511
94313,46933
94313,44529
94313,44523
94313,44554
94313,44555
94313,44556
94313,45020
94313,44701
94313,44557
94313,44558
94313,44559
94313,44729
94313,44730
94313,44571
94313,44731
94313,44700
94313,44733
94313,44712
94313,45015
94313,45016
94313,44709
94313,45127
94313,44560
94313,44540
94313,44816
94313,44531
94313,44507
94313,44965
94313,44716
94313,44572
94313,44834
94313,50133
94313,44964
94313,49459
94313,49453
94313,44812
94313,44444
94313,49448
94313,44814
94313,44439
94313,49445
94313,44810
94313,44813
94313,49446
94313,49447
94313,48788
94313,49416
94313,44767
94313,44518
94313,44769
94313,44764
94313,44522
94313,44534
94313,44561
94313,44562
94313,44563
94313,44831
94313,46934
94313,46938
94313,44836
94313,44838
94313,44777
94313,44734
94313,44778
94313,44573
94313,45182
94313,44574
94313,44722
94313,44575
94313,44539
94313,44576
94313,44530
94313,44577
94313,45125
94313,44843
94313,44841
94313,44839
94313,44840
94313,44842
94313,48793
94313,48791
94313,44735
94313,44736
94313,44707
94313,44535
94313,44524
94313,44704
94313,44830
94313,44705
94313,44564
94313,44966
94313,44542
94313,50026
94313,44837
94313,44543
94313,44538
94313,49451
94313,44533
94313,44512
94313,44565
94313,44779
94313,45128
94313,44532
94313,44513
94313,44514
94313,44710
94313,49457
94313,46936
94313,44766
94313,44578
94313,44579
94313,44525
94313,44580
94313,44832
94313,44581
94313,46931
94313,44508
94313,44528
94313,44504
94313,44505
94313,44506
94313,44517
94313,44835
94313,44833
94313,44737
94314,44536
94314,44546
94314,44547
94314,44515
94314,44516
94314,44548
94314,44549
94314,44724
94314,44566
94314,44567
94314,44545
94314,44519
94314,46937
94314,44811
94314,44441
94314,49456
94314,49455
94314,44445
94314,44815
94314,46935
94314,44817
94314,49454
94314,44818
94314,49458
94314,44442
94314,44443
94314,44768
94314,44765
94314,49957
94314,49450
94314,49449
94314,49930
94314,44703
94314,44550
94314,49563
94314,49565
94314,44446
94314,44544
94314,44568
94314,44726
94314,49564
94314,48792
94314,44551
94314,44437
94314,46878
94314,46877
94314,46879
94314,44541
94314,44706
94314,44552
94314,44569
94314,44527
94314,45126
94314,44721
94314,44828
94314,44553
94314,46932
94314,44727
94314,44728
94314,44570
94314,44717
94314,45018
94314,45019
94314,44509
94314,44510
94314,44511
94314,46933
94314,44529
94314,44523
94314,44554
94314,44555
94314,44556
94314,45020
94314,44701
94314,44557
94314,44558
94314,44559
94314,44729
94314,44730
94314,44571
94314,44731
94314,44700
94314,44733
94314,44712
94314,45015
94314,45016
94314,44709
94314,45127
94314,44560
94314,44540
94314,44816
94314,44531
94314,44507
94314,44965
94314,44716
94314,44572
94314,44834
94314,50133
94314,44964
94314,49459
94314,49453
94314,44812
94314,44444
94314,49448
94314,44814
94314,44439
94314,49445
94314,44810
94314,44813
94314,49446
94314,49447
94314,48788
94314,49416
94314,44767
94314,44518
94314,44769
94314,44764
94314,44522
94314,44534
94314,44561
94314,44562
94314,44563
94314,44831
94314,46934
94314,46938
94314,44836
94314,44838
94314,44777
94314,44734
94314,44778
94314,44573
94314,45182
94314,44574
94314,44722
94314,44575
94314,44539
94314,44576
94314,44530
94314,44577
94314,45125
94314,44843
94314,44841
94314,44839
94314,44840
94314,44842
94314,48793
94314,48791
94314,44735
94314,44736
94314,44707
94314,44535
94314,44524
94314,44704
94314,44830
94314,44705
94314,44564
94314,44966
94314,44542
94314,50026
94314,44837
94314,44543
94314,44538
94314,49451
94314,44533
94314,44512
94314,44565
94314,44779
94314,45128
94314,44532
94314,44513
94314,44514
94314,44710
94314,49457
94314,46936
94314,44766
94314,44578
94314,44579
94314,44525
94314,44580
94314,44832
94314,44581
94314,46931
94314,44508
94314,44528
94314,44504
94314,44505
94314,44506
94314,44517
94314,44835
94314,44833
94314,44737
94315,44536
94315,44546
94315,44547
94315,44515
94315,44516
94315,44548
94315,44549
94315,44724
94315,44566
94315,44567
94315,44545
94315,44519
94315,46937
94315,44811
94315,44441
94315,49456
94315,49455
94315,44445
94315,44815
94315,46935
94315,44817
94315,49454
94315,44818
94315,49458
94315,44442
94315,44443
94315,44768
94315,44765
94315,49957
94315,49450
94315,49449
94315,49930
94315,44703
94315,44550
94315,49563
94315,49565
94315,44446
94315,44544
94315,44568
94315,44726
94315,49564
94315,48792
94315,44551
94315,44437
94315,46878
94315,46877
94315,46879
94315,44541
94315,44706
94315,44552
94315,44569
94315,44527
94315,45126
94315,44721
94315,44828
94315,44553
94315,46932
94315,44727
94315,44728
94315,44570
94315,44717
94315,45018
94315,45019
94315,44509
94315,44510
94315,44511
94315,46933
94315,44529
94315,44523
94315,44554
94315,44555
94315,44556
94315,45020
94315,44701
94315,44557
94315,44558
94315,44559
94315,44729
94315,44730
94315,44571
94315,44731
94315,44700
94315,44733
94315,44712
94315,45015
94315,45016
94315,44709
94315,45127
94315,44560
94315,44540
94315,44816
94315,44531
94315,44507
94315,44965
94315,44716
94315,44572
94315,44834
94315,50133
94315,44964
94315,49459
94315,49453
94315,44812
94315,44444
94315,49448
94315,44814
94315,44439
94315,49445
94315,44810
94315,44813
94315,49446
94315,49447
94315,48788
94315,49416
94315,44767
94315,44518
94315,44769
94315,44764
94315,44522
94315,44534
94315,44561
94315,44562
94315,44563
94315,44831
94315,46934
94315,46938
94315,44836
94315,44838
94315,44777
94315,44734
94315,44778
94315,44573
94315,45182
94315,44574
94315,44722
94315,44575
94315,44539
94315,44576
94315,44530
94315,44577
94315,45125
94315,44843
94315,44841
94315,44839
94315,44840
94315,44842
94315,48793
94315,48791
94315,44735
94315,44736
94315,44707
94315,44535
94315,44524
94315,44704
94315,44830
94315,44705
94315,44564
94315,44966
94315,44542
94315,50026
94315,44837
94315,44543
94315,44538
94315,49451
94315,44533
94315,44512
94315,44565
94315,44779
94315,45128
94315,44532
94315,44513
94315,44514
94315,44710
94315,49457
94315,46936
94315,44766
94315,44578
94315,44579
94315,44525
94315,44580
94315,44832
94315,44581
94315,46931
94315,44508
94315,44528
94315,44504
94315,44505
94315,44506
94315,44517
94315,44835
94315,44833
94315,44737
94316,44536
94316,44546
94316,44547
94316,44515
94316,44516
94316,44548
94316,44549
94316,44724
94316,44566
94316,44567
94316,44545
94316,44519
94316,46937
94316,44811
94316,44441
94316,49456
94316,49455
94316,44445
94316,44815
94316,46935
94316,44817
94316,49454
94316,44818
94316,49458
94316,44442
94316,44443
94316,44768
94316,44765
94316,49957
94316,49450
94316,49449
94316,49930
94316,44703
94316,44550
94316,49563
94316,49565
94316,44446
94316,44544
94316,44568
94316,44726
94316,49564
94316,48792
94316,44551
94316,44437
94316,46878
94316,46877
94316,46879
94316,44541
94316,44706
94316,44552
94316,44569
94316,44527
94316,45126
94316,44721
94316,44828
94316,44553
94316,46932
94316,44727
94316,44728
94316,44570
94316,44717
94316,45018
94316,45019
94316,44509
94316,44510
94316,44511
94316,46933
94316,44529
94316,44523
94316,44554
94316,44555
94316,44556
94316,45020
94316,44701
94316,44557
94316,44558
94316,44559
94316,44729
94316,44730
94316,44571
94316,44731
94316,44700
94316,44733
94316,44712
94316,45015
94316,45016
94316,44709
94316,45127
94316,44560
94316,44540
94316,44816
94316,44531
94316,44507
94316,44965
94316,44716
94316,44572
94316,44834
94316,50133
94316,44964
94316,49459
94316,49453
94316,44812
94316,44444
94316,49448
94316,44814
94316,44439
94316,49445
94316,44810
94316,44813
94316,49446
94316,49447
94316,48788
94316,49416
94316,44767
94316,44518
94316,44769
94316,44764
94316,44522
94316,44534
94316,44561
94316,44562
94316,44563
94316,44831
94316,46934
94316,46938
94316,44836
94316,44838
94316,44777
94316,44734
94316,44778
94316,44573
94316,45182
94316,44574
94316,44722
94316,44575
94316,44539
94316,44576
94316,44530
94316,44577
94316,45125
94316,44843
94316,44841
94316,44839
94316,44840
94316,44842
94316,48793
94316,48791
94316,44735
94316,44736
94316,44707
94316,44535
94316,44524
94316,44704
94316,44830
94316,44705
94316,44564
94316,44966
94316,44542
94316,50026
94316,44837
94316,44543
94316,44538
94316,49451
94316,44533
94316,44512
94316,44565
94316,44779
94316,45128
94316,44532
94316,44513
94316,44514
94316,44710
94316,49457
94316,46936
94316,44766
94316,44578
94316,44579
94316,44525
94316,44580
94316,44832
94316,44581
94316,46931
94316,44508
94316,44528
94316,44504
94316,44505
94316,44506
94316,44517
94316,44835
94316,44833
94316,44737
94317,44536
94317,44546
94317,44547
94317,44515
94317,44516
94317,44548
94317,44549
94317,44724
94317,44566
94317,44567
94317,44545
94317,44519
94317,46937
94317,44811
94317,44441
94317,49456
94317,49455
94317,44445
94317,44815
94317,46935
94317,44817
94317,49454
94317,44818
94317,49458
94317,44442
94317,44443
94317,44768
94317,44765
94317,49957
94317,49450
94317,49449
94317,49930
94317,44703
94317,44550
94317,49563
94317,49565
94317,44446
94317,44544
94317,44568
94317,44726
94317,49564
94317,48792
94317,44551
94317,44437
94317,46878
94317,46877
94317,46879
94317,44541
94317,44706
94317,44552
94317,44569
94317,44527
94317,45126
94317,44721
94317,44828
94317,44553
94317,46932
94317,44727
94317,44728
94317,44570
94317,44717
94317,45018
94317,45019
94317,44509
94317,44510
94317,44511
94317,46933
94317,44529
94317,44523
94317,44554
94317,44555
94317,44556
94317,45020
94317,44701
94317,44557
94317,44558
94317,44559
94317,44729
94317,44730
94317,44571
94317,44731
94317,44700
94317,44733
94317,44712
94317,45015
94317,45016
94317,44709
94317,45127
94317,44560
94317,44540
94317,44816
94317,44531
94317,44507
94317,44965
94317,44716
94317,44572
94317,44834
94317,50133
94317,44964
94317,49459
94317,49453
94317,44812
94317,44444
94317,49448
94317,44814
94317,44439
94317,49445
94317,44810
94317,44813
94317,49446
94317,49447
94317,48788
94317,49416
94317,44767
94317,44518
94317,44769
94317,44764
94317,44522
94317,44534
94317,44561
94317,44562
94317,44563
94317,44831
94317,46934
94317,46938
94317,44836
94317,44838
94317,44777
94317,44734
94317,44778
94317,44573
94317,45182
94317,44574
94317,44722
94317,44575
94317,44539
94317,44576
94317,44530
94317,44577
94317,45125
94317,44843
94317,44841
94317,44839
94317,44840
94317,44842
94317,48793
94317,48791
94317,44735
94317,44736
94317,44707
94317,44535
94317,44524
94317,44704
94317,44830
94317,44705
94317,44564
94317,44966
94317,44542
94317,50026
94317,44837
94317,44543
94317,44538
94317,49451
94317,44533
94317,44512
94317,44565
94317,44779
94317,45128
94317,44532
94317,44513
94317,44514
94317,44710
94317,49457
94317,46936
94317,44766
94317,44578
94317,44579
94317,44525
94317,44580
94317,44832
94317,44581
94317,46931
94317,44508
94317,44528
94317,44504
94317,44505
94317,44506
94317,44517
94317,44835
94317,44833
94317,44737
94318,44536
94318,44546
94318,44547
94318,44515
94318,44516
94318,44548
94318,44549
94318,44724
94318,44566
94318,44567
94318,44545
94318,44519
94318,46937
94318,44811
94318,44441
94318,49456
94318,49455
94318,44445
94318,44815
94318,46935
94318,44817
94318,49454
94318,44818
94318,49458
94318,44442
94318,44443
94318,44768
94318,44765
94318,49957
94318,49450
94318,49449
94318,49930
94318,44703
94318,44550
94318,49563
94318,49565
94318,44446
94318,44544
94318,44568
94318,44726
94318,49564
94318,48792
94318,44551
94318,44437
94318,46878
94318,46877
94318,46879
94318,44541
94318,44706
94318,44552
94318,44569
94318,44527
94318,45126
94318,44721
94318,44828
94318,44553
94318,46932
94318,44727
94318,44728
94318,44570
94318,44717
94318,45018
94318,45019
94318,44509
94318,44510
94318,44511
94318,46933
94318,44529
94318,44523
94318,44554
94318,44555
94318,44556
94318,45020
94318,44701
94318,44557
94318,44558
94318,44559
94318,44729
94318,44730
94318,44571
94318,44731
94318,44700
94318,44733
94318,44712
94318,45015
94318,45016
94318,44709
94318,45127
94318,44560
94318,44540
94318,44816
94318,44531
94318,44507
94318,44965
94318,44716
94318,44572
94318,44834
94318,50133
94318,44964
94318,49459
94318,49453
94318,44812
94318,44444
94318,49448
94318,44814
94318,44439
94318,49445
94318,44810
94318,44813
94318,49446
94318,49447
94318,48788
94318,49416
94318,44767
94318,44518
94318,44769
94318,44764
94318,44522
94318,44534
94318,44561
94318,44562
94318,44563
94318,44831
94318,46934
94318,46938
94318,44836
94318,44838
94318,44777
94318,44734
94318,44778
94318,44573
94318,45182
94318,44574
94318,44722
94318,44575
94318,44539
94318,44576
94318,44530
94318,44577
94318,45125
94318,44843
94318,44841
94318,44839
94318,44840
94318,44842
94318,48793
94318,48791
94318,44735
94318,44736
94318,44707
94318,44535
94318,44524
94318,44704
94318,44830
94318,44705
94318,44564
94318,44966
94318,44542
94318,50026
94318,44837
94318,44543
94318,44538
94318,49451
94318,44533
94318,44512
94318,44565
94318,44779
94318,45128
94318,44532
94318,44513
94318,44514
94318,44710
94318,49457
94318,46936
94318,44766
94318,44578
94318,44579
94318,44525
94318,44580
94318,44832
94318,44581
94318,46931
94318,44508
94318,44528
94318,44504
94318,44505
94318,44506
94318,44517
94318,44835
94318,44833
94318,44737
94319,44536
94319,44546
94319,44547
94319,44515
94319,44516
94319,44548
94319,44549
94319,44724
94319,44566
94319,44567
94319,44545
94319,44519
94319,46937
94319,44811
94319,44441
94319,49456
94319,49455
94319,44445
94319,44815
94319,46935
94319,44817
94319,49454
94319,44818
94319,49458
94319,44442
94319,44443
94319,44768
94319,44765
94319,49957
94319,49450
94319,49449
94319,49930
94319,44703
94319,44550
94319,49563
94319,49565
94319,44446
94319,44544
94319,44568
94319,44726
94319,49564
94319,48792
94319,44551
94319,44437
94319,46878
94319,46877
94319,46879
94319,44541
94319,44706
94319,44552
94319,44569
94319,44527
94319,45126
94319,44721
94319,44828
94319,44553
94319,46932
94319,44727
94319,44728
94319,44570
94319,44717
94319,45018
94319,45019
94319,44509
94319,44510
94319,44511
94319,46933
94319,44529
94319,44523
94319,44554
94319,44555
94319,44556
94319,45020
94319,44701
94319,44557
94319,44558
94319,44559
94319,44729
94319,44730
94319,44571
94319,44731
94319,44700
94319,44733
94319,44712
94319,45015
94319,45016
94319,44709
94319,45127
94319,44560
94319,44540
94319,44816
94319,44531
94319,44507
94319,44965
94319,44716
94319,44572
94319,44834
94319,50133
94319,44964
94319,49459
94319,49453
94319,44812
94319,44444
94319,49448
94319,44814
94319,44439
94319,49445
94319,44810
94319,44813
94319,49446
94319,49447
94319,48788
94319,49416
94319,44767
94319,44518
94319,44769
94319,44764
94319,44522
94319,44534
94319,44561
94319,44562
94319,44563
94319,44831
94319,46934
94319,46938
94319,44836
94319,44838
94319,44777
94319,44734
94319,44778
94319,44573
94319,45182
94319,44574
94319,44722
94319,44575
94319,44539
94319,44576
94319,44530
94319,44577
94319,45125
94319,44843
94319,44841
94319,44839
94319,44840
94319,44842
94319,48793
94319,48791
94319,44735
94319,44736
94319,44707
94319,44535
94319,44524
94319,44704
94319,44830
94319,44705
94319,44564
94319,44966
94319,44542
94319,50026
94319,44837
94319,44543
94319,44538
94319,49451
94319,44533
94319,44512
94319,44565
94319,44779
94319,45128
94319,44532
94319,44513
94319,44514
94319,44710
94319,49457
94319,46936
94319,44766
94319,44578
94319,44579
94319,44525
94319,44580
94319,44832
94319,44581
94319,46931
94319,44508
94319,44528
94319,44504
94319,44505
94319,44506
94319,44517
94319,44835
94319,44833
94319,44737
94320,44536
94320,44546
94320,44547
94320,44515
94320,44516
94320,44548
94320,44549
94320,44724
94320,44566
94320,44567
94320,44545
94320,44519
94320,46937
94320,44811
94320,44441
94320,49456
94320,49455
94320,44445
94320,44815
94320,46935
94320,44817
94320,49454
94320,44818
94320,49458
94320,44442
94320,44443
94320,44768
94320,44765
94320,49957
94320,49450
94320,49449
94320,49930
94320,44703
94320,44550
94320,49563
94320,49565
94320,44446
94320,44544
94320,44568
94320,44726
94320,49564
94320,48792
94320,44551
94320,44437
94320,46878
94320,46877
94320,46879
94320,44541
94320,44706
94320,44552
94320,44569
94320,44527
94320,45126
94320,44721
94320,44828
94320,44553
94320,46932
94320,44727
94320,44728
94320,44570
94320,44717
94320,45018
94320,45019
94320,44509
94320,44510
94320,44511
94320,46933
94320,44529
94320,44523
94320,44554
94320,44555
94320,44556
94320,45020
94320,44701
94320,44557
94320,44558
94320,44559
94320,44729
94320,44730
94320,44571
94320,44731
94320,44700
94320,44733
94320,44712
94320,45015
94320,45016
94320,44709
94320,45127
94320,44560
94320,44540
94320,44816
94320,44531
94320,44507
94320,44965
94320,44716
94320,44572
94320,44834
94320,50133
94320,44964
94320,49459
94320,49453
94320,44812
94320,44444
94320,49448
94320,44814
94320,44439
94320,49445
94320,44810
94320,44813
94320,49446
94320,49447
94320,48788
94320,49416
94320,44767
94320,44518
94320,44769
94320,44764
94320,44522
94320,44534
94320,44561
94320,44562
94320,44563
94320,44831
94320,46934
94320,46938
94320,44836
94320,44838
94320,44777
94320,44734
94320,44778
94320,44573
94320,45182
94320,44574
94320,44722
94320,44575
94320,44539
94320,44576
94320,44530
94320,44577
94320,45125
94320,44843
94320,44841
94320,44839
94320,44840
94320,44842
94320,48793
94320,48791
94320,44735
94320,44736
94320,44707
94320,44535
94320,44524
94320,44704
94320,44830
94320,44705
94320,44564
94320,44966
94320,44542
94320,50026
94320,44837
94320,44543
94320,44538
94320,49451
94320,44533
94320,44512
94320,44565
94320,44779
94320,45128
94320,44532
94320,44513
94320,44514
94320,44710
94320,49457
94320,46936
94320,44766
94320,44578
94320,44579
94320,44525
94320,44580
94320,44832
94320,44581
94320,46931
94320,44508
94320,44528
94320,44504
94320,44505
94320,44506
94320,44517
94320,44835
94320,44833
94320,44737
94321,44536
94321,44546
94321,44547
94321,44515
94321,44516
94321,44548
94321,44549
94321,44724
94321,44566
94321,44567
94321,44545
94321,44519
94321,46937
94321,44811
94321,44441
94321,49456
94321,49455
94321,44445
94321,44815
94321,46935
94321,44817
94321,49454
94321,44818
94321,49458
94321,44442
94321,44443
94321,44768
94321,44765
94321,49957
94321,49450
94321,49449
94321,49930
94321,44703
94321,44550
94321,49563
94321,49565
94321,44446
94321,44544
94321,44568
94321,44726
94321,49564
94321,48792
94321,44551
94321,44437
94321,46878
94321,46877
94321,46879
94321,44541
94321,44706
94321,44552
94321,44569
94321,44527
94321,45126
94321,44721
94321,44828
94321,44553
94321,46932
94321,44727
94321,44728
94321,44570
94321,44717
94321,45018
94321,45019
94321,44509
94321,44510
94321,44511
94321,46933
94321,44529
94321,44523
94321,44554
94321,44555
94321,44556
94321,45020
94321,44701
94321,44557
94321,44558
94321,44559
94321,44729
94321,44730
94321,44571
94321,44731
94321,44700
94321,44733
94321,44712
94321,45015
94321,45016
94321,44709
94321,45127
94321,44560
94321,44540
94321,44816
94321,44531
94321,44507
94321,44965
94321,44716
94321,44572
94321,44834
94321,50133
94321,44964
94321,49459
94321,49453
94321,44812
94321,44444
94321,49448
94321,44814
94321,44439
94321,49445
94321,44810
94321,44813
94321,49446
94321,49447
94321,48788
94321,49416
94321,44767
94321,44518
94321,44769
94321,44764
94321,44522
94321,44534
94321,44561
94321,44562
94321,44563
94321,44831
94321,46934
94321,46938
94321,44836
94321,44838
94321,44777
94321,44734
94321,44778
94321,44573
94321,45182
94321,44574
94321,44722
94321,44575
94321,44539
94321,44576
94321,44530
94321,44577
94321,45125
94321,44843
94321,44841
94321,44839
94321,44840
94321,44842
94321,48793
94321,48791
94321,44735
94321,44736
94321,44707
94321,44535
94321,44524
94321,44704
94321,44830
94321,44705
94321,44564
94321,44966
94321,44542
94321,50026
94321,44837
94321,44543
94321,44538
94321,49451
94321,44533
94321,44512
94321,44565
94321,44779
94321,45128
94321,44532
94321,44513
94321,44514
94321,44710
94321,49457
94321,46936
94321,44766
94321,44578
94321,44579
94321,44525
94321,44580
94321,44832
94321,44581
94321,46931
94321,44508
94321,44528
94321,44504
94321,44505
94321,44506
94321,44517
94321,44835
94321,44833
94321,44737
94322,44536
94322,44546
94322,44547
94322,44515
94322,44516
94322,44548
94322,44549
94322,44724
94322,44566
94322,44567
94322,44545
94322,44519
94322,46937
94322,44811
94322,44441
94322,49456
94322,49455
94322,44445
94322,44815
94322,46935
94322,44817
94322,49454
94322,44818
94322,49458
94322,44442
94322,44443
94322,44768
94322,44765
94322,49957
94322,49450
94322,49449
94322,49930
94322,44703
94322,44550
94322,49563
94322,49565
94322,44446
94322,44544
94322,44568
94322,44726
94322,49564
94322,48792
94322,44551
94322,44437
94322,46878
94322,46877
94322,46879
94322,44541
94322,44706
94322,44552
94322,44569
94322,44527
94322,45126
94322,44721
94322,44828
94322,44553
94322,46932
94322,44727
94322,44728
94322,44570
94322,44717
94322,45018
94322,45019
94322,44509
94322,44510
94322,44511
94322,46933
94322,44529
94322,44523
94322,44554
94322,44555
94322,44556
94322,45020
94322,44701
94322,44557
94322,44558
94322,44559
94322,44729
94322,44730
94322,44571
94322,44731
94322,44700
94322,44733
94322,44712
94322,45015
94322,45016
94322,44709
94322,45127
94322,44560
94322,44540
94322,44816
94322,44531
94322,44507
94322,44965
94322,44716
94322,44572
94322,44834
94322,50133
94322,44964
94322,49459
94322,49453
94322,44812
94322,44444
94322,49448
94322,44814
94322,44439
94322,49445
94322,44810
94322,44813
94322,49446
94322,49447
94322,48788
94322,49416
94322,44767
94322,44518
94322,44769
94322,44764
94322,44522
94322,44534
94322,44561
94322,44562
94322,44563
94322,44831
94322,46934
94322,46938
94322,44836
94322,44838
94322,44777
94322,44734
94322,44778
94322,44573
94322,45182
94322,44574
94322,44722
94322,44575
94322,44539
94322,44576
94322,44530
94322,44577
94322,45125
94322,44843
94322,44841
94322,44839
94322,44840
94322,44842
94322,48793
94322,48791
94322,44735
94322,44736
94322,44707
94322,44535
94322,44524
94322,44704
94322,44830
94322,44705
94322,44564
94322,44966
94322,44542
94322,50026
94322,44837
94322,44543
94322,44538
94322,49451
94322,44533
94322,44512
94322,44565
94322,44779
94322,45128
94322,44532
94322,44513
94322,44514
94322,44710
94322,49457
94322,46936
94322,44766
94322,44578
94322,44579
94322,44525
94322,44580
94322,44832
94322,44581
94322,46931
94322,44508
94322,44528
94322,44504
94322,44505
94322,44506
94322,44517
94322,44835
94322,44833
94322,44737
94323,44536
94323,44546
94323,44547
94323,44515
94323,44516
94323,44548
94323,44549
94323,44724
94323,44566
94323,44567
94323,44545
94323,44519
94323,46937
94323,44811
94323,44441
94323,49456
94323,49455
94323,44445
94323,44815
94323,46935
94323,44817
94323,49454
94323,44818
94323,49458
94323,44442
94323,44443
94323,44768
94323,44765
94323,49957
94323,49450
94323,49449
94323,49930
94323,44703
94323,44550
94323,49563
94323,49565
94323,44446
94323,44544
94323,44568
94323,44726
94323,49564
94323,48792
94323,44551
94323,44437
94323,46878
94323,46877
94323,46879
94323,44541
94323,44706
94323,44552
94323,44569
94323,44527
94323,45126
94323,44721
94323,44828
94323,44553
94323,46932
94323,44727
94323,44728
94323,44570
94323,44717
94323,45018
94323,45019
94323,44509
94323,44510
94323,44511
94323,46933
94323,44529
94323,44523
94323,44554
94323,44555
94323,44556
94323,45020
94323,44701
94323,44557
94323,44558
94323,44559
94323,44729
94323,44730
94323,44571
94323,44731
94323,44700
94323,44733
94323,44712
94323,45015
94323,45016
94323,44709
94323,45127
94323,44560
94323,44540
94323,44816
94323,44531
94323,44507
94323,44965
94323,44716
94323,44572
94323,44834
94323,50133
94323,44964
94323,49459
94323,49453
94323,44812
94323,44444
94323,49448
94323,44814
94323,44439
94323,49445
94323,44810
94323,44813
94323,49446
94323,49447
94323,48788
94323,49416
94323,44767
94323,44518
94323,44769
94323,44764
94323,44522
94323,44534
94323,44561
94323,44562
94323,44563
94323,44831
94323,46934
94323,46938
94323,44836
94323,44838
94323,44777
94323,44734
94323,44778
94323,44573
94323,45182
94323,44574
94323,44722
94323,44575
94323,44539
94323,44576
94323,44530
94323,44577
94323,45125
94323,44843
94323,44841
94323,44839
94323,44840
94323,44842
94323,48793
94323,48791
94323,44735
94323,44736
94323,44707
94323,44535
94323,44524
94323,44704
94323,44830
94323,44705
94323,44564
94323,44966
94323,44542
94323,50026
94323,44837
94323,44543
94323,44538
94323,49451
94323,44533
94323,44512
94323,44565
94323,44779
94323,45128
94323,44532
94323,44513
94323,44514
94323,44710
94323,49457
94323,46936
94323,44766
94323,44578
94323,44579
94323,44525
94323,44580
94323,44832
94323,44581
94323,46931
94323,44508
94323,44528
94323,44504
94323,44505
94323,44506
94323,44517
94323,44835
94323,44833
94323,44737
94324,44536
94324,44546
94324,44547
94324,44515
94324,44516
94324,44548
94324,44549
94324,44724
94324,44566
94324,44567
94324,44545
94324,44519
94324,46937
94324,44811
94324,44441
94324,49456
94324,49455
94324,44445
94324,44815
94324,46935
94324,44817
94324,49454
94324,44818
94324,49458
94324,44442
94324,44443
94324,44768
94324,44765
94324,49957
94324,49450
94324,49449
94324,49930
94324,44703
94324,44550
94324,49563
94324,49565
94324,44446
94324,44544
94324,44568
94324,44726
94324,49564
94324,48792
94324,44551
94324,44437
94324,46878
94324,46877
94324,46879
94324,44541
94324,44706
94324,44552
94324,44569
94324,44527
94324,45126
94324,44721
94324,44828
94324,44553
94324,46932
94324,44727
94324,44728
94324,44570
94324,44717
94324,45018
94324,45019
94324,44509
94324,44510
94324,44511
94324,46933
94324,44529
94324,44523
94324,44554
94324,44555
94324,44556
94324,45020
94324,44701
94324,44557
94324,44558
94324,44559
94324,44729
94324,44730
94324,44571
94324,44731
94324,44700
94324,44733
94324,44712
94324,45015
94324,45016
94324,44709
94324,45127
94324,44560
94324,44540
94324,44816
94324,44531
94324,44507
94324,44965
94324,44716
94324,44572
94324,44834
94324,50133
94324,44964
94324,49459
94324,49453
94324,44812
94324,44444
94324,49448
94324,44814
94324,44439
94324,49445
94324,44810
94324,44813
94324,49446
94324,49447
94324,48788
94324,49416
94324,44767
94324,44518
94324,44769
94324,44764
94324,44522
94324,44534
94324,44561
94324,44562
94324,44563
94324,44831
94324,46934
94324,46938
94324,44836
94324,44838
94324,44777
94324,44734
94324,44778
94324,44573
94324,45182
94324,44574
94324,44722
94324,44575
94324,44539
94324,44576
94324,44530
94324,44577
94324,45125
94324,44843
94324,44841
94324,44839
94324,44840
94324,44842
94324,48793
94324,48791
94324,44735
94324,44736
94324,44707
94324,44535
94324,44524
94324,44704
94324,44830
94324,44705
94324,44564
94324,44966
94324,44542
94324,50026
94324,44837
94324,44543
94324,44538
94324,49451
94324,44533
94324,44512
94324,44565
94324,44779
94324,45128
94324,44532
94324,44513
94324,44514
94324,44710
94324,49457
94324,46936
94324,44766
94324,44578
94324,44579
94324,44525
94324,44580
94324,44832
94324,44581
94324,46931
94324,44508
94324,44528
94324,44504
94324,44505
94324,44506
94324,44517
94324,44835
94324,44833
94324,44737
94325,44536
94325,44546
94325,44547
94325,44515
94325,44516
94325,44548
94325,44549
94325,44724
94325,44566
94325,44567
94325,44545
94325,44519
94325,46937
94325,44811
94325,44441
94325,49456
94325,49455
94325,44445
94325,44815
94325,46935
94325,44817
94325,49454
94325,44818
94325,49458
94325,44442
94325,44443
94325,44768
94325,44765
94325,49957
94325,49450
94325,49449
94325,49930
94325,44703
94325,44550
94325,49563
94325,49565
94325,44446
94325,44544
94325,44568
94325,44726
94325,49564
94325,48792
94325,44551
94325,44437
94325,46878
94325,46877
94325,46879
94325,44541
94325,44706
94325,44552
94325,44569
94325,44527
94325,45126
94325,44721
94325,44828
94325,44553
94325,46932
94325,44727
94325,44728
94325,44570
94325,44717
94325,45018
94325,45019
94325,44509
94325,44510
94325,44511
94325,46933
94325,44529
94325,44523
94325,44554
94325,44555
94325,44556
94325,45020
94325,44701
94325,44557
94325,44558
94325,44559
94325,44729
94325,44730
94325,44571
94325,44731
94325,44700
94325,44733
94325,44712
94325,45015
94325,45016
94325,44709
94325,45127
94325,44560
94325,44540
94325,44816
94325,44531
94325,44507
94325,44965
94325,44716
94325,44572
94325,44834
94325,50133
94325,44964
94325,49459
94325,49453
94325,44812
94325,44444
94325,49448
94325,44814
94325,44439
94325,49445
94325,44810
94325,44813
94325,49446
94325,49447
94325,48788
94325,49416
94325,44767
94325,44518
94325,44769
94325,44764
94325,44522
94325,44534
94325,44561
94325,44562
94325,44563
94325,44831
94325,46934
94325,46938
94325,44836
94325,44838
94325,44777
94325,44734
94325,44778
94325,44573
94325,45182
94325,44574
94325,44722
94325,44575
94325,44539
94325,44576
94325,44530
94325,44577
94325,45125
94325,44843
94325,44841
94325,44839
94325,44840
94325,44842
94325,48793
94325,48791
94325,44735
94325,44736
94325,44707
94325,44535
94325,44524
94325,44704
94325,44830
94325,44705
94325,44564
94325,44966
94325,44542
94325,50026
94325,44837
94325,44543
94325,44538
94325,49451
94325,44533
94325,44512
94325,44565
94325,44779
94325,45128
94325,44532
94325,44513
94325,44514
94325,44710
94325,49457
94325,46936
94325,44766
94325,44578
94325,44579
94325,44525
94325,44580
94325,44832
94325,44581
94325,46931
94325,44508
94325,44528
94325,44504
94325,44505
94325,44506
94325,44517
94325,44835
94325,44833
94325,44737
94326,44536
94326,44546
94326,44547
94326,44515
94326,44516
94326,44548
94326,44549
94326,44724
94326,44566
94326,44567
94326,44545
94326,44519
94326,46937
94326,44811
94326,44441
94326,49456
94326,49455
94326,44445
94326,44815
94326,46935
94326,44817
94326,49454
94326,44818
94326,49458
94326,44442
94326,44443
94326,44768
94326,44765
94326,49957
94326,49450
94326,49449
94326,49930
94326,44703
94326,44550
94326,49563
94326,49565
94326,44446
94326,44544
94326,44568
94326,44726
94326,49564
94326,48792
94326,44551
94326,44437
94326,46878
94326,46877
94326,46879
94326,44541
94326,44706
94326,44552
94326,44569
94326,44527
94326,45126
94326,44721
94326,44828
94326,44553
94326,46932
94326,44727
94326,44728
94326,44570
94326,44717
94326,45018
94326,45019
94326,44509
94326,44510
94326,44511
94326,46933
94326,44529
94326,44523
94326,44554
94326,44555
94326,44556
94326,45020
94326,44701
94326,44557
94326,44558
94326,44559
94326,44729
94326,44730
94326,44571
94326,44731
94326,44700
94326,44733
94326,44712
94326,45015
94326,45016
94326,44709
94326,45127
94326,44560
94326,44540
94326,44816
94326,44531
94326,44507
94326,44965
94326,44716
94326,44572
94326,44834
94326,50133
94326,44964
94326,49459
94326,49453
94326,44812
94326,44444
94326,49448
94326,44814
94326,44439
94326,49445
94326,44810
94326,44813
94326,49446
94326,49447
94326,48788
94326,49416
94326,44767
94326,44518
94326,44769
94326,44764
94326,44522
94326,44534
94326,44561
94326,44562
94326,44563
94326,44831
94326,46934
94326,46938
94326,44836
94326,44838
94326,44777
94326,44734
94326,44778
94326,44573
94326,45182
94326,44574
94326,44722
94326,44575
94326,44539
94326,44576
94326,44530
94326,44577
94326,45125
94326,44843
94326,44841
94326,44839
94326,44840
94326,44842
94326,48793
94326,48791
94326,44735
94326,44736
94326,44707
94326,44535
94326,44524
94326,44704
94326,44830
94326,44705
94326,44564
94326,44966
94326,44542
94326,50026
94326,44837
94326,44543
94326,44538
94326,49451
94326,44533
94326,44512
94326,44565
94326,44779
94326,45128
94326,44532
94326,44513
94326,44514
94326,44710
94326,49457
94326,46936
94326,44766
94326,44578
94326,44579
94326,44525
94326,44580
94326,44832
94326,44581
94326,46931
94326,44508
94326,44528
94326,44504
94326,44505
94326,44506
94326,44517
94326,44835
94326,44833
94326,44737
94328,44536
94328,44546
94328,44547
94328,44515
94328,44516
94328,44548
94328,44549
94328,44724
94328,44566
94328,44567
94328,44545
94328,44519
94328,46937
94328,44811
94328,44441
94328,49456
94328,49455
94328,44445
94328,44815
94328,46935
94328,44817
94328,49454
94328,44818
94328,49458
94328,44442
94328,44443
94328,44768
94328,44765
94328,49957
94328,49450
94328,49449
94328,49930
94328,44703
94328,44550
94328,49563
94328,49565
94328,44446
94328,44544
94328,44568
94328,44726
94328,49564
94328,48792
94328,44551
94328,44437
94328,46878
94328,46877
94328,46879
94328,44541
94328,44706
94328,44552
94328,44569
94328,44527
94328,45126
94328,44721
94328,44828
94328,44553
94328,46932
94328,44727
94328,44728
94328,44570
94328,44717
94328,45018
94328,45019
94328,44509
94328,44510
94328,44511
94328,46933
94328,44529
94328,44523
94328,44554
94328,44555
94328,44556
94328,45020
94328,44701
94328,44557
94328,44558
94328,44559
94328,44729
94328,44730
94328,44571
94328,44731
94328,44700
94328,44733
94328,44712
94328,45015
94328,45016
94328,44709
94328,45127
94328,44560
94328,44540
94328,44816
94328,44531
94328,44507
94328,44965
94328,44716
94328,44572
94328,44834
94328,50133
94328,44964
94328,49459
94328,49453
94328,44812
94328,44444
94328,49448
94328,44814
94328,44439
94328,49445
94328,44810
94328,44813
94328,49446
94328,49447
94328,48788
94328,49416
94328,44767
94328,44518
94328,44769
94328,44764
94328,44522
94328,44534
94328,44561
94328,44562
94328,44563
94328,44831
94328,46934
94328,46938
94328,44836
94328,44838
94328,44777
94328,44734
94328,44778
94328,44573
94328,45182
94328,44574
94328,44722
94328,44575
94328,44539
94328,44576
94328,44530
94328,44577
94328,45125
94328,44843
94328,44841
94328,44839
94328,44840
94328,44842
94328,48793
94328,48791
94328,44735
94328,44736
94328,44707
94328,44535
94328,44524
94328,44704
94328,44830
94328,44705
94328,44564
94328,44966
94328,44542
94328,50026
94328,44837
94328,44543
94328,44538
94328,49451
94328,44533
94328,44512
94328,44565
94328,44779
94328,45128
94328,44532
94328,44513
94328,44514
94328,44710
94328,49457
94328,46936
94328,44766
94328,44578
94328,44579
94328,44525
94328,44580
94328,44832
94328,44581
94328,46931
94328,44508
94328,44528
94328,44504
94328,44505
94328,44506
94328,44517
94328,44835
94328,44833
94328,44737
94329,44536
94329,44546
94329,44547
94329,44515
94329,44516
94329,44548
94329,44549
94329,44724
94329,44566
94329,44567
94329,44545
94329,44519
94329,46937
94329,44811
94329,44441
94329,49456
94329,49455
94329,44445
94329,44815
94329,46935
94329,44817
94329,49454
94329,44818
94329,49458
94329,44442
94329,44443
94329,44768
94329,44765
94329,49957
94329,49450
94329,49449
94329,49930
94329,44703
94329,44550
94329,49563
94329,49565
94329,44446
94329,44544
94329,44568
94329,44726
94329,49564
94329,48792
94329,44551
94329,44437
94329,46878
94329,46877
94329,46879
94329,44541
94329,44706
94329,44552
94329,44569
94329,44527
94329,45126
94329,44721
94329,44828
94329,44553
94329,46932
94329,44727
94329,44728
94329,44570
94329,44717
94329,45018
94329,45019
94329,44509
94329,44510
94329,44511
94329,46933
94329,44529
94329,44523
94329,44554
94329,44555
94329,44556
94329,45020
94329,44701
94329,44557
94329,44558
94329,44559
94329,44729
94329,44730
94329,44571
94329,44731
94329,44700
94329,44733
94329,44712
94329,45015
94329,45016
94329,44709
94329,45127
94329,44560
94329,44540
94329,44816
94329,44531
94329,44507
94329,44965
94329,44716
94329,44572
94329,44834
94329,50133
94329,44964
94329,49459
94329,49453
94329,44812
94329,44444
94329,49448
94329,44814
94329,44439
94329,49445
94329,44810
94329,44813
94329,49446
94329,49447
94329,48788
94329,49416
94329,44767
94329,44518
94329,44769
94329,44764
94329,44522
94329,44534
94329,44561
94329,44562
94329,44563
94329,44831
94329,46934
94329,46938
94329,44836
94329,44838
94329,44777
94329,44734
94329,44778
94329,44573
94329,45182
94329,44574
94329,44722
94329,44575
94329,44539
94329,44576
94329,44530
94329,44577
94329,45125
94329,44843
94329,44841
94329,44839
94329,44840
94329,44842
94329,48793
94329,48791
94329,44735
94329,44736
94329,44707
94329,44535
94329,44524
94329,44704
94329,44830
94329,44705
94329,44564
94329,44966
94329,44542
94329,50026
94329,44837
94329,44543
94329,44538
94329,49451
94329,44533
94329,44512
94329,44565
94329,44779
94329,45128
94329,44532
94329,44513
94329,44514
94329,44710
94329,49457
94329,46936
94329,44766
94329,44578
94329,44579
94329,44525
94329,44580
94329,44832
94329,44581
94329,46931
94329,44508
94329,44528
94329,44504
94329,44505
94329,44506
94329,44517
94329,44835
94329,44833
94329,44737
94331,49983
94331,49982
94331,49984
94331,44854
94331,49993
94331,49595
94331,46889
94331,49978
94331,44903
94331,49977
94331,44866
94331,49823
94331,44867
94331,44868
94331,44869
94331,44890
94331,44891
94331,44877
94331,44892
94331,44885
94331,44879
94331,44874
94331,44886
94331,49829
94331,44887
94331,44888
94331,44889
94331,44880
94331,49828
94331,44878
94331,44853
94331,44438
94331,44602
94331,44670
94331,44681
94331,44682
94331,44683
94331,44671
94331,44673
94331,44674
94331,44676
94331,44677
94331,44678
94331,44679
94331,44684
94331,44686
94331,44687
94331,44688
94331,44689
94331,50111
94331,44897
94331,44904
94331,44876
94331,44871
94331,50044
94331,49990
94331,50033
94331,50032
94331,44899
94331,50038
94331,50039
94331,44905
94331,50000
94331,49998
94331,44901
94331,50041
94331,49991
94331,50042
94331,49603
94331,50035
94331,49604
94331,50034
94331,49596
94331,49602
94331,49979
94331,44906
94331,44806
94331,49987
94331,44910
94331,44898
94331,44894
94331,44902
94331,50040
94331,49932
94331,49933
94331,50047
94331,50046
94331,44821
94331,50045
94331,44870
94331,49824
94331,49825
94331,44881
94331,44882
94331,44883
94331,44884
94331,44911
94331,49995
94331,44449
94331,50048
94331,49994
94331,49985
94331,44913
94331,50043
94331,49981
94331,50049
94331,50053
94331,49989
94331,49999
94331,49996
94331,44912
94331,44789
94331,50037
94331,49986
94331,46899
94331,49594
94331,44805
94331,46886
94331,44908
94331,50001
94331,49597
94331,49601
94331,49980
94331,49992
94331,49988
94331,50036
94331,44852
94331,49997
94331,50108
94331,50109
94331,50110
94331,50112
94369,44452
94369,49646
94369,49647
94369,44455
94369,44451
94369,44824
94369,44454
94369,44826
94369,44825
94369,44934
94369,44450
94369,46909
94369,46908
94369,46907
94369,44823
94369,44822
94369,47004
94370,44452
94370,49646
94370,49647
94370,44455
94370,44451
94370,44824
94370,44454
94370,44826
94370,44825
94370,44934
94370,44450
94370,46909
94370,46908
94370,46907
94370,44823
94370,44822
94370,47004
94379,49444
94379,44478
94379,49441
94379,45133
94379,49401
94379,44463
94379,44456
94379,49793
94379,44847
94379,45122
94379,44944
94379,44945
94379,44484
94379,44480
94379,44752
94379,45186
94379,44470
94379,49769
94379,49440
94379,45053
94379,45135
94379,44461
94379,44479
94379,44481
94379,44476
94379,44474
94379,44663
94379,49866
94379,44848
94379,49400
94379,44758
94379,45134
94379,44465
94379,45123
94379,44462
94379,44846
94379,49357
94379,49080
94379,49868
94379,44751
94379,44472
94379,44664
94379,49958
94379,44471
94379,44482
94379,44499
94379,44486
94379,44468
94379,44496
94379,44473
94379,44502
94379,44961
94379,49301
94379,44464
94379,44781
94379,44489
94379,44495
94379,44753
94379,44756
94379,44494
94379,44666
94379,44469
94379,50003
94379,50056
94379,44466
94379,44467
94379,44458
94379,49959
94379,44755
94379,44457
94379,49681
94379,44477
94379,44782
94379,49160
94379,44754
94379,44498
94379,50118
94614,44973
94614,44974
94614,50102
94614,44582
94614,46926
94614,46925
94614,46927
94614,45132
94614,44583
94614,49926
94614,49928
94614,44584
94614,47010
94614,44978
94614,44845
94614,44651
94614,44972
94614,45131
94614,44971
94614,44968
94614,44969
94614,44970
94614,44708
94614,44975
94614,44976
94614,44977
94614,45093
94614,44647
94614,44650
94614,44586
94614,44653
94614,44655
94614,44649
94614,50096
94614,50097
94614,50098
94614,50099
94614,50100
94614,44967
94643,44656
94643,44744
94643,44849
94643,44850
94643,44657
94643,44661
94677,44667
94677,50094
94699,44697
94699,44698
94699,49842
94699,44695
94699,44699
94699,46929
94699,47397
94700,44697
94700,44698
94700,49842
94700,44695
94700,44699
94700,46929
94700,47397
94809,44739
94809,44742
94809,44738
94809,44980
94809,44747
94843,44928
94843,44748
94843,46939
94843,44785
94843,46940
94843,44942
94843,44931
94843,49431
94843,44788
94843,44927
94843,44787
94843,44929
94843,44930
94843,44932
95231,50055
95231,46964
95231,46965
95231,44772
95231,49152
95231,48753
95231,48747
95231,49155
95277,45176
95277,44797
95277,50121
95277,45174
95277,49367
95277,49366
95277,44800
95277,45173
95277,45177
95277,49284
95277,50131
95277,49288
95277,50122
95277,49287
95277,50130
95277,49291
95277,49285
95277,50123
95277,49292
95277,50127
95277,45175
95277,45172
95277,44795
95277,46983
95277,46982
95277,46984
95277,49392
95277,49363
95277,48958
95277,50120
95277,49394
95277,49289
95277,44799
95277,49290
95277,44801
95277,49293
95277,50124
95277,50125
95277,50126
95380,44915
95380,44916
95380,44918
95380,44919
95380,44917
95380,44923
95380,44920
95380,44921
95380,44914
95380,44922
95431,44956
95431,49950
95431,45136
95431,44949
95431,49945
95431,45148
95431,45138
95431,48859
95431,49910
95431,49354
95431,50024
95431,49942
95431,49943
95431,49905
95431,45149
95431,50023
95431,49954
95431,49953
95431,44948
95431,50072
95431,49916
95431,45157
95431,49903
95431,49939
95431,49951
95431,49941
95431,50002
95431,48857
95431,48858
95431,48847
95431,44959
95431,48802
95431,49906
95431,45151
95431,49940
95431,48803
95431,50071
95431,48848
95431,49908
95431,49947
95431,49946
95431,45153
95431,49948
95431,48863
95431,49904
95431,44953
95431,49907
95431,48846
95431,50070
95431,49909
95431,48860
95431,47006
95431,50073
95431,47007
95431,44947
95431,49955
95431,45155
95431,49952
95431,45156
95431,44951
95431,49944
95431,48862
95431,45146
95431,50103
95431,50104
95495,45094
95495,47015
95495,47013
95495,47014
95495,49389
95495,49388
95495,45100
95495,45115
95495,45110
95495,45101
95495,45096
95495,45098
95495,45095
95495,45102
95495,45103
95495,45097
95495,45117
95495,49387
95495,45099
95495,45112
95495,49391
95495,45113
95555,45142
95595,45170
95658,49671
95658,49670
95658,45178
95658,45180
95658,45179
95670,44741
95681,49961
95681,45194
95681,49475
95681,45188
95681,47018
95681,47016
95681,47017
95681,49556
95681,45192
95681,45189
95681,45193
95681,45191
95681,49555
95699,45195
95699,45196
95699,45197
95738,45199
95738,45198
95830,44745
95830,44746
95830,44739
95830,44742
95830,44738
95830,44980
95830,44747
98240,44419
98240,44973
98240,44974
98240,49444
98240,49961
98240,44432
98240,44425
98240,44426
98240,44424
98240,44447
98240,49649
98240,48868
98240,44420
98240,45194
98240,49475
98240,49251
98240,44422
98240,44423
98240,44536
98240,44478
98240,45195
98240,45196
98240,45197
98240,49441
98240,50102
98240,44452
98240,44546
98240,44547
98240,44667
98240,44515
98240,44516
98240,44582
98240,46926
98240,46925
98240,46927
98240,44548
98240,44549
98240,45133
98240,45132
98240,44956
98240,45094
98240,47015
98240,47013
98240,47014
98240,44724
98240,49029
98240,49401
98240,44566
98240,44463
98240,44567
98240,44583
98240,49950
98240,44545
98240,44519
98240,44872
98240,48983
98240,48982
98240,44456
98240,44697
98240,49793
98240,46937
98240,44811
98240,44441
98240,49456
98240,49455
98240,44445
98240,44815
98240,46935
98240,44817
98240,49454
98240,44818
98240,49458
98240,44442
98240,44443
98240,44768
98240,44765
98240,49957
98240,49450
98240,49449
98240,49930
98240,44703
98240,44847
98240,48949
98240,48950
98240,48952
98240,48951
98240,44928
98240,44748
98240,46939
98240,44785
98240,46940
98240,44550
98240,49563
98240,49565
98240,49926
98240,49928
98240,44584
98240,47010
98240,45122
98240,44944
98240,44945
98240,49389
98240,49388
98240,44446
98240,44544
98240,44942
98240,44484
98240,44568
98240,45136
98240,44931
98240,44949
98240,44480
98240,45176
98240,49676
98240,44726
98240,45100
98240,49564
98240,48792
98240,44551
98240,44752
98240,44437
98240,46878
98240,46877
98240,46879
98240,48977
98240,48981
98240,49437
98240,48978
98240,48984
98240,45188
98240,47018
98240,47016
98240,47017
98240,45186
98240,44797
98240,49945
98240,50121
98240,49076
98240,50055
98240,44470
98240,50094
98240,45160
98240,48794
98240,49281
98240,49275
98240,49276
98240,49277
98240,48955
98240,49278
98240,49279
98240,49280
98240,44745
98240,49079
98240,49671
98240,49078
98240,49075
98240,49670
98240,49252
98240,49077
98240,49758
98240,49757
98240,44783
98240,44784
98240,45174
98240,48756
98240,44759
98240,49769
98240,44541
98240,44656
98240,49367
98240,49366
98240,44800
98240,45173
98240,45177
98240,44706
98240,49440
98240,45148
98240,45053
98240,49282
98240,49556
98240,49646
98240,49647
98240,45138
98240,44978
98240,44746
98240,49284
98240,50131
98240,44845
98240,48859
98240,44552
98240,48731
98240,45135
98240,46964
98240,46965
98240,44772
98240,45192
98240,44569
98240,44527
98240,44461
98240,44762
98240,44455
98240,49910
98240,45126
98240,44479
98240,44481
98240,44721
98240,49561
98240,44636
98240,44828
98240,44476
98240,44553
98240,46932
98240,49431
98240,44727
98240,44728
98240,44861
98240,44570
98240,49354
98240,45199
98240,50024
98240,49942
98240,44451
98240,49943
98240,44717
98240,49027
98240,44642
98240,45018
98240,44643
98240,45019
98240,44824
98240,44454
98240,44474
98240,44651
98240,44509
98240,44510
98240,44511
98240,44663
98240,49866
98240,49905
98240,46933
98240,44529
98240,44523
98240,45149
98240,44915
98240,44916
98240,44826
98240,44554
98240,44555
98240,44935
98240,44739
98240,44742
98240,44556
98240,44972
98240,44644
98240,45020
98240,44701
98240,44557
98240,44558
98240,48730
98240,44559
98240,44729
98240,44730
98240,49674
98240,49675
98240,44744
98240,44849
98240,44850
98240,50023
98240,44571
98240,44731
98240,44700
98240,44733
98240,49559
98240,44712
98240,45015
98240,44639
98240,45016
98240,44738
98240,49288
98240,50122
98240,44709
98240,49954
98240,49953
98240,44749
98240,45189
98240,44848
98240,45131
98240,45115
98240,45127
98240,49152
98240,44560
98240,44540
98240,44816
98240,44531
98240,44507
98240,44948
98240,44698
98240,44965
98240,44657
98240,44716
98240,44572
98240,44834
98240,50133
98240,49400
98240,50072
98240,48953
98240,49914
98240,44964
98240,49459
98240,49453
98240,44812
98240,44444
98240,49448
98240,44814
98240,44439
98240,49445
98240,44810
98240,44813
98240,49446
98240,49447
98240,48788
98240,49416
98240,44767
98240,44518
98240,44769
98240,44764
98240,49414
98240,49916
98240,44758
98240,45157
98240,44825
98240,45110
98240,45170
98240,45134
98240,44522
98240,49903
98240,44534
98240,44561
98240,44918
98240,44919
98240,44917
98240,44923
98240,44920
98240,44921
98240,49939
98240,49951
98240,49941
98240,44562
98240,44563
98240,49287
98240,50130
98240,44465
98240,49291
98240,45123
98240,50002
98240,48857
98240,44971
98240,49285
98240,50123
98240,44831
98240,44462
98240,44788
98240,48858
98240,44846
98240,49357
98240,44937
98240,49080
98240,49868
98240,44936
98240,48847
98240,44751
98240,48753
98240,44661
98240,44959
98240,49842
98240,44695
98240,44472
98240,44664
98240,49958
98240,46934
98240,46938
98240,44836
98240,44968
98240,44969
98240,44970
98240,44980
98240,44708
98240,44838
98240,44777
98240,44734
98240,44778
98240,44573
98240,45182
98240,49292
98240,48802
98240,44926
98240,44934
98240,44450
98240,46909
98240,46908
98240,46907
98240,44914
98240,44922
98240,44574
98240,44975
98240,44976
98240,44977
98240,45093
98240,44647
98240,45101
98240,45096
98240,45098
98240,45095
98240,45102
98240,45103
98240,45097
98240,44722
98240,49030
98240,44471
98240,49906
98240,45151
98240,44575
98240,44927
98240,44787
98240,44539
98240,49940
98240,44576
98240,44530
98240,48803
98240,44577
98240,45012
98240,45125
98240,45198
98240,44417
98240,44843
98240,44841
98240,44839
98240,44840
98240,44842
98240,48793
98240,48791
98240,50071
98240,44482
98240,44499
98240,48848
98240,44486
98240,50127
98240,44735
98240,44736
98240,44707
98240,44823
98240,48747
98240,44468
98240,49908
98240,44496
98240,44473
98240,44502
98240,48954
98240,45117
98240,49387
98240,44535
98240,44961
98240,49301
98240,49756
98240,45099
98240,45112
98240,48758
98240,44464
98240,44822
98240,44781
98240,44524
98240,48980
98240,48979
98240,44489
98240,44761
98240,44650
98240,44495
98240,49947
98240,45175
98240,45172
98240,44795
98240,46983
98240,46982
98240,46984
98240,49392
98240,49946
98240,44704
98240,44753
98240,44830
98240,45153
98240,49391
98240,49948
98240,48863
98240,44756
98240,44705
98240,44564
98240,49904
98240,44494
98240,44966
98240,45113
98240,44542
98240,50026
98240,44837
98240,49363
98240,44543
98240,44666
98240,44538
98240,49451
98240,44533
98240,48729
98240,45193
98240,44586
98240,44512
98240,44565
98240,44469
98240,48958
98240,44779
98240,45128
98240,45191
98240,44532
98240,44513
98240,44514
98240,50120
98240,49394
98240,49289
98240,44799
98240,49290
98240,49032
98240,44710
98240,44747
98240,44953
98240,44801
98240,49907
98240,50003
98240,44929
98240,44930
98240,49457
98240,46936
98240,44766
98240,44653
98240,48846
98240,44578
98240,44579
98240,44525
98240,47004
98240,50070
98240,50056
98240,44580
98240,44832
98240,44581
98240,49909
98240,44466
98240,45142
98240,48860
98240,47006
98240,50073
98240,47007
98240,44947
98240,49955
98240,44932
98240,44467
98240,44458
98240,49959
98240,46931
98240,44862
98240,45155
98240,44755
98240,49952
98240,44508
98240,44528
98240,45156
98240,49969
98240,49970
98240,49971
98240,49155
98240,44457
98240,44504
98240,44505
98240,44506
98240,49681
98240,44477
98240,44517
98240,49028
98240,49395
98240,44782
98240,49555
98240,48757
98240,49160
98240,49578
98240,49579
98240,44951
98240,49396
98240,49438
98240,49944
98240,44754
98240,44835
98240,44833
98240,44498
98240,48862
98240,44737
98240,49033
98240,44655
98240,50005
98240,50065
98240,50068
98240,50066
98240,45146
98240,44649
98240,49492
98240,49429
98240,46876
98240,46730
98240,46875
98240,44699
98240,45178
98240,45180
98240,45179
98240,48755
98240,44418
98240,49293
98240,50096
98240,50097
98240,50098
98240,50099
98240,50100
98240,50103
98240,50104
98240,50107
98240,50118
98240,50124
98240,50125
98240,50126
98240,50134
98240,44893
98240,44967
98240,46929
98240,47396
98240,47397
98240,49249
98240,49250
98240,50153
98240,50154
98240,50155
98687,48756
98687,48758
98687,48757
98687,48755
102499,49578
102499,50134
106013,44452
106013,49646
106013,49647
106013,44455
106013,44451
106013,44824
106013,44454
106013,44826
106013,44825
106013,44934
106013,44450
106013,46909
106013,46908
106013,46907
106013,44823
106013,44822
106013,47004
109898,49969
109898,49970
109898,49971
110176,50005
110176,50065
110176,50068
110176,50066
110177,50005
110177,50065
110177,50068
110177,50066
94263,44419
94263,44973
94263,44974
94263,49444
94263,49961
94263,44432
94263,44425
94263,44426
94263,44424
94263,44447
94263,49649
94263,48868
94263,44420
94263,45194
94263,49475
94263,49251
94263,44422
94263,44423
94263,44536
94263,44478
94263,45195
94263,45196
94263,45197
94263,49441
94263,50102
94263,44452
94263,44546
94263,44547
94263,44667
94263,44515
94263,44516
94263,44582
94263,46926
94263,46925
94263,46927
94263,44548
94263,44549
94263,45133
94263,45132
94263,44956
94263,45094
94263,47015
94263,47013
94263,47014
94263,44724
94263,49029
94263,49401
94263,44566
94263,44463
94263,44567
94263,44583
94263,49950
94263,44545
94263,44519
94263,44872
94263,48983
94263,48982
94263,44456
94263,44697
94263,49793
94263,46937
94263,44811
94263,44441
94263,49456
94263,49455
94263,44445
94263,44815
94263,46935
94263,44817
94263,49454
94263,44818
94263,49458
94263,44442
94263,44443
94263,44768
94263,44765
94263,49957
94263,49450
94263,49449
94263,49930
94263,44703
94263,44847
94263,48949
94263,48950
94263,48952
94263,48951
94263,44928
94263,44748
94263,46939
94263,44785
94263,46940
94263,44550
94263,49563
94263,49565
94263,49926
94263,49928
94263,44584
94263,47010
94263,45122
94263,44944
94263,44945
94263,49389
94263,49388
94263,44446
94263,44544
94263,44942
94263,44484
94263,44568
94263,45136
94263,44931
94263,44949
94263,44480
94263,45176
94263,49676
94263,44726
94263,45100
94263,49564
94263,48792
94263,44551
94263,44752
94263,44437
94263,46878
94263,46877
94263,46879
94263,48977
94263,48981
94263,49437
94263,48978
94263,48984
94263,45188
94263,47018
94263,47016
94263,47017
94263,45186
94263,44797
94263,49945
94263,50121
94263,49076
94263,50055
94263,44470
94263,50094
94263,45160
94263,48794
94263,49281
94263,49275
94263,49276
94263,49277
94263,48955
94263,49278
94263,49279
94263,49280
94263,44745
94263,49079
94263,49671
94263,49078
94263,49075
94263,49670
94263,49252
94263,49077
94263,49758
94263,49757
94263,44783
94263,44784
94263,45174
94263,48756
94263,44759
94263,49769
94263,44541
94263,44656
94263,49367
94263,49366
94263,44800
94263,45173
94263,45177
94263,44706
94263,49440
94263,45148
94263,45053
94263,49282
94263,49556
94263,49646
94263,49647
94263,45138
94263,44978
94263,44746
94263,49284
94263,50131
94263,44845
94263,48859
94263,44552
94263,48731
94263,45135
94263,46964
94263,46965
94263,44772
94263,45192
94263,44569
94263,44527
94263,44461
94263,44762
94263,44455
94263,49910
94263,45126
94263,44479
94263,44481
94263,44721
94263,49561
94263,44636
94263,44828
94263,44476
94263,44553
94263,46932
94263,49431
94263,44727
94263,44728
94263,44861
94263,44570
94263,49354
94263,45199
94263,50024
94263,49942
94263,44451
94263,49943
94263,44717
94263,49027
94263,44642
94263,45018
94263,44643
94263,45019
94263,44824
94263,44454
94263,44474
94263,44651
94263,44509
94263,44510
94263,44511
94263,44663
94263,49866
94263,49905
94263,46933
94263,44529
94263,44523
94263,45149
94263,44915
94263,44916
94263,44826
94263,44554
94263,44555
94263,44935
94263,44739
94263,44742
94263,44556
94263,44972
94263,44644
94263,45020
94263,44701
94263,44557
94263,44558
94263,48730
94263,44559
94263,44729
94263,44730
94263,49674
94263,49675
94263,44744
94263,44849
94263,44850
94263,50023
94263,44571
94263,44731
94263,44700
94263,44733
94263,49559
94263,44712
94263,45015
94263,44639
94263,45016
94263,44738
94263,49288
94263,50122
94263,44709
94263,49954
94263,49953
94263,44749
94263,45189
94263,44848
94263,45131
94263,45115
94263,45127
94263,49152
94263,44560
94263,44540
94263,44816
94263,44531
94263,44507
94263,44948
94263,44698
94263,44965
94263,44657
94263,44716
94263,44572
94263,44834
94263,50133
94263,49400
94263,50072
94263,48953
94263,49914
94263,44964
94263,49459
94263,49453
94263,44812
94263,44444
94263,49448
94263,44814
94263,44439
94263,49445
94263,44810
94263,44813
94263,49446
94263,49447
94263,48788
94263,49416
94263,44767
94263,44518
94263,44769
94263,44764
94263,49414
94263,49916
94263,44758
94263,45157
94263,44825
94263,45110
94263,45170
94263,45134
94263,44522
94263,49903
94263,44534
94263,44561
94263,44918
94263,44919
94263,44917
94263,44923
94263,44920
94263,44921
94263,49939
94263,49951
94263,49941
94263,44562
94263,44563
94263,49287
94263,50130
94263,44465
94263,49291
94263,45123
94263,50002
94263,48857
94263,44971
94263,49285
94263,50123
94263,44831
94263,44462
94263,44788
94263,48858
94263,44846
94263,49357
94263,44937
94263,49080
94263,49868
94263,44936
94263,48847
94263,44751
94263,48753
94263,44661
94263,44959
94263,49842
94263,44695
94263,44472
94263,44664
94263,49958
94263,46934
94263,46938
94263,44836
94263,44968
94263,44969
94263,44970
94263,44980
94263,44708
94263,44838
94263,44777
94263,44734
94263,44778
94263,44573
94263,45182
94263,49292
94263,48802
94263,44926
94263,44934
94263,44450
94263,46909
94263,46908
94263,46907
94263,44914
94263,44922
94263,44574
94263,44975
94263,44976
94263,44977
94263,45093
94263,44647
94263,45101
94263,45096
94263,45098
94263,45095
94263,45102
94263,45103
94263,45097
94263,44722
94263,49030
94263,44471
94263,49906
94263,45151
94263,44575
94263,44927
94263,44787
94263,44539
94263,49940
94263,44576
94263,44530
94263,48803
94263,44577
94263,45012
94263,45125
94263,45198
94263,44417
94263,44843
94263,44841
94263,44839
94263,44840
94263,44842
94263,48793
94263,48791
94263,50071
94263,44482
94263,44499
94263,48848
94263,44486
94263,50127
94263,44735
94263,44736
94263,44707
94263,44823
94263,48747
94263,44468
94263,49908
94263,44496
94263,44473
94263,44502
94263,48954
94263,45117
94263,49387
94263,44535
94263,44961
94263,49301
94263,49756
94263,45099
94263,45112
94263,48758
94263,44464
94263,44822
94263,44781
94263,44524
94263,48980
94263,48979
94263,44489
94263,44761
94263,44650
94263,44495
94263,49947
94263,45175
94263,45172
94263,44795
94263,46983
94263,46982
94263,46984
94263,49392
94263,49946
94263,44704
94263,44753
94263,44830
94263,45153
94263,49391
94263,49948
94263,48863
94263,44756
94263,44705
94263,44564
94263,49904
94263,44494
94263,44966
94263,45113
94263,44542
94263,50026
94263,44837
94263,49363
94263,44543
94263,44666
94263,44538
94263,49451
94263,44533
94263,48729
94263,45193
94263,44586
94263,44512
94263,44565
94263,44469
94263,48958
94263,44779
94263,45128
94263,45191
94263,44532
94263,44513
94263,44514
94263,50120
94263,49394
94263,49289
94263,44799
94263,49290
94263,49032
94263,44710
94263,44747
94263,44953
94263,44801
94263,49907
94263,50003
94263,44929
94263,44930
94263,49457
94263,46936
94263,44766
94263,44653
94263,48846
94263,44578
94263,44579
94263,44525
94263,47004
94263,50070
94263,50056
94263,44580
94263,44832
94263,44581
94263,49909
94263,44466
94263,45142
94263,48860
94263,47006
94263,50073
94263,47007
94263,44947
94263,49955
94263,44932
94263,44467
94263,44458
94263,49959
94263,46931
94263,44862
94263,45155
94263,44755
94263,49952
94263,44508
94263,44528
94263,45156
94263,49969
94263,49970
94263,49971
94263,49155
94263,44457
94263,44504
94263,44505
94263,44506
94263,49681
94263,44477
94263,44517
94263,49028
94263,49395
94263,44782
94263,49555
94263,48757
94263,49160
94263,49578
94263,49579
94263,44951
94263,49396
94263,49438
94263,49944
94263,44754
94263,44835
94263,44833
94263,44498
94263,48862
94263,44737
94263,49033
94263,44655
94263,50005
94263,50065
94263,50068
94263,50066
94263,45146
94263,44649
94263,49492
94263,49429
94263,46876
94263,46730
94263,46875
94263,44699
94263,45178
94263,45180
94263,45179
94263,48755
94263,44418
94263,49293
94263,50096
94263,50097
94263,50098
94263,50099
94263,50100
94263,50103
94263,50104
94263,50107
94263,50118
94263,50124
94263,50125
94263,50126
94263,50134
94263,44893
94263,44967
94263,46929
94263,47396
94263,47397
94263,49249
94263,49250
94263,50153
94263,50154
94263,50155
94265,44419
94265,44432
94265,44425
94265,44426
94265,44424
94265,44447
94265,49649
94265,48868
94265,44420
94265,49251
94265,44422
94265,44423
94265,49076
94265,49079
94265,49078
94265,49075
94265,49252
94265,49077
94265,44783
94265,44784
94265,48731
94265,44935
94265,48730
94265,44937
94265,44936
94265,48729
94265,49429
94265,46876
94265,46730
94265,46875
94265,44418
94265,44893
94265,47396
94265,49249
94265,49250
112493,49983
112493,49982
112493,49984
112493,44854
112493,49993
112493,49595
112493,46889
112493,49978
112493,44903
112493,49977
112493,44866
112493,49823
112493,44867
112493,44868
112493,44869
112493,44890
112493,44891
112493,44877
112493,44892
112493,44885
112493,44879
112493,44874
112493,44886
112493,49829
112493,44887
112493,44888
112493,44889
112493,44880
112493,49828
112493,44878
112493,44853
112493,44438
112493,44602
112493,44670
112493,44681
112493,44682
112493,44683
112493,44671
112493,44673
112493,44674
112493,44676
112493,44677
112493,44678
112493,44679
112493,44684
112493,44686
112493,44687
112493,44688
112493,44689
112493,50111
112493,44897
112493,44904
112493,44876
112493,44871
112493,50044
112493,49990
112493,50033
112493,50032
112493,44899
112493,50038
112493,50039
112493,44905
112493,50000
112493,49998
112493,44901
112493,50041
112493,49991
112493,50042
112493,49603
112493,50035
112493,49604
112493,50034
112493,49596
112493,49602
112493,49979
112493,44906
112493,44806
112493,49987
112493,44910
112493,44898
112493,44894
112493,44902
112493,50040
112493,49932
112493,49933
112493,50047
112493,50046
112493,44821
112493,50045
112493,44870
112493,49824
112493,49825
112493,44881
112493,44882
112493,44883
112493,44884
112493,44911
112493,49995
112493,44449
112493,50048
112493,49994
112493,49985
112493,44913
112493,50043
112493,49981
112493,50049
112493,50053
112493,49989
112493,49999
112493,49996
112493,44912
112493,44789
112493,50037
112493,49986
112493,46899
112493,49594
112493,44805
112493,46886
112493,44908
112493,50001
112493,49597
112493,49601
112493,49980
112493,49992
112493,49988
112493,50036
112493,44852
112493,49997
112493,50108
112493,50109
112493,50110
112493,50112
104443,44667
111482,44926
96348,45160
96348,48794
100313,48949
100313,48950
100313,48952
100313,48951
100313,49281
100313,49275
100313,49276
100313,49277
100313,48955
100313,49278
100313,49279
100313,49280
100313,49282
100313,48953
100313,49914
100313,48954
101097,48983
101097,48982
101097,48977
101097,48981
101097,49437
101097,48978
101097,48984
101097,48980
101097,48979
101097,49438
104503,49396
105244,49492
100106,50107
112859,44872
112859,44861
112859,44862